SEASON_WYID_x,COMPETITION_WYID,EVENT_WYID,MATCH_WYID,MATCHPERIOD,MINUTE,SECOND,PRIMARYTYPE,LOCATIONX,LOCATIONY,TEAM_WYID,PLAYER_WYID,POSSESSION_WYID,POSSESSIONDURATION,POSSESSIONEVENTSNUMBER,POSSESSIONEVENTINDEX,POSSESSIONSTARTLOCATIONX,POSSESSIONSTARTLOCATIONY,POSSESSIONENDLOCATIONX,POSSESSIONENDLOCATIONY,POSSESSIONTEAM_WYID,COMPETITIONNAME,MATCHLABEL,DATE,SEASON_WYID_y,SHORTNAME,SHOTISGOAL,SHOTPOSTSHOTXG,SHOTXG,GROUNDDUELOPPONENT_WYID,GROUNDDUELDUELTYPE,KEPTPOSSESSION,PROGRESSEDWITHBALL,STOPPEDPROGRESS,RECOVEREDPOSSESSION,TAKEON,GROUNDDUELSIDE,GROUNDDUELRELATEDDUEL_WYID,CARRYPROGRESSION,CARRYENDLOCATIONX,CARRYENDLOCATIONY,ACCURATE,ANGLE,HEIGHT,LENGTH,RECIPIENT_WYID,ENDLOCATIONX,ENDLOCATIONY,POSSESSIONTYPE1,POSSESSIONTYPE2,POSSESSIONTYPE3,POSSESSIONTYPE4,POSSESSIONTYPE5,ATTACKXG,SECONDARYTYPE1,SECONDARYTYPE2,SECONDARYTYPE3,SECONDARYTYPE4,SECONDARYTYPE5,SECONDARYTYPE6,SECONDARYTYPE7,SECONDARYTYPE8,SECONDARYTYPE9,SECONDARYTYPE10,TEAMNAME
191804,1570,2639253814,5744718,1H,4,28,shot,91.0,39.0,27145,1021170,2639253813.0,1.0111365,2.0,1.0,75.0,36.0,91.0,39.0,27145.0,U17 Ligaen,"AGF U17 - Horsens U17, 2 - 0",2025-08-16 15:15:00,191804,S. Bager,False,0.1888,0.2247,,,,,,,,,,,,,,,,,,,,attack,,,,,0.2247,opportunity,touch_in_box,,,,,,,,,AGF U17
191804,1570,2639253853,5744718,1H,7,38,shot,76.0,37.0,27145,882052,2639253850.0,5.5951405,6.0,5.0,79.0,0.0,76.0,37.0,27145.0,U17 Ligaen,"AGF U17 - Horsens U17, 2 - 0",2025-08-16 15:15:00,191804,W. Maarouf,False,,0.02132,,,,,,,,,,,,,,,,,,,,attack,throw_in,,,,0.0213,opportunity,shot_after_throw_in,,,,,,,,,AGF U17
191804,1570,2639254151,5744718,1H,9,3,shot,76.0,49.0,30685,932109,2639254146.0,11.517455,5.0,4.0,91.0,100.0,76.0,49.0,30685.0,U17 Ligaen,"AGF U17 - Horsens U17, 2 - 0",2025-08-16 15:15:00,191804,F. Carstensen,False,,0.002262,,,,,,,,,,,,,,,,,,,,attack,throw_in,,,,0.0023,shot_after_throw_in,,,,,,,,,,Horsens U17
191804,1570,2639254413,5744718,1H,14,13,shot,92.0,40.0,30685,911353,2639254411.0,2.3614215,4.0,3.0,76.0,59.0,92.0,40.0,30685.0,U17 Ligaen,"AGF U17 - Horsens U17, 2 - 0",2025-08-16 15:15:00,191804,O. Høyer,False,0.6426,0.4393,,,,,,,,,,,,,,,,,,,,attack,,,,,0.4393,opportunity,touch_in_box,,,,,,,,,Horsens U17
191804,1570,2639254444,5744718,1H,18,0,free_kick,82.0,35.0,30685,1100248,2639254444.0,2.8882885,4.0,0.0,82.0,35.0,93.0,53.0,30685.0,U17 Ligaen,"AGF U17 - Horsens U17, 2 - 0",2025-08-16 15:15:00,191804,T. Kolici,False,,0.2455,,,,,,,,,,,,,,,,,,,,set_piece_attack,attack,free_kick,direct_free_kick,,0.8397,free_kick_shot,shot,,,,,,,,,Horsens U17
191804,1570,2639254446,5744718,1H,18,3,shot,93.0,53.0,30685,769165,2639254444.0,2.8882885,4.0,3.0,82.0,35.0,93.0,53.0,30685.0,U17 Ligaen,"AGF U17 - Horsens U17, 2 - 0",2025-08-16 15:15:00,191804,B. Jepsen,False,0.8791,0.5942,,,,,,,,,,,,,,,,,,,,set_piece_attack,attack,free_kick,direct_free_kick,,0.8397,opportunity,shot_after_free_kick,touch_in_box,,,,,,,,Horsens U17
191804,1570,2639254018,5744718,1H,22,12,shot,88.0,55.0,27145,1021645,2639254004.0,16.4061955,10.0,9.0,25.0,47.0,88.0,55.0,27145.0,U17 Ligaen,"AGF U17 - Horsens U17, 2 - 0",2025-08-16 15:15:00,191804,J. Friis,False,0.2178,0.2083,,,,,,,,,,,,,,,,,,,,attack,,,,,0.2083,opportunity,touch_in_box,,,,,,,,,AGF U17
191804,1570,2639254543,5744718,1H,24,39,shot,86.0,54.0,30685,1100248,2639254528.0,27.8194995,13.0,12.0,66.0,74.0,86.0,54.0,30685.0,U17 Ligaen,"AGF U17 - Horsens U17, 2 - 0",2025-08-16 15:15:00,191804,T. Kolici,False,0.09714,0.1565,,,,,,,,,,,,,,,,,,,,set_piece_attack,attack,free_kick,,,0.1565,opportunity,touch_in_box,,,,,,,,,Horsens U17
191804,1570,2639254237,5744718,1H,29,42,shot,96.0,44.0,27145,844652,2639254235.0,1.2320555,4.0,3.0,85.0,84.0,96.0,44.0,27145.0,U17 Ligaen,"AGF U17 - Horsens U17, 2 - 0",2025-08-16 15:15:00,191804,W. Laugesen,True,0.606,0.2488,,,,,,,,,,,,,,,,,,,,set_piece_attack,attack,free_kick,free_kick_cross,,0.2488,goal,head_shot,opportunity,shot_after_free_kick,touch_in_box,,,,,,AGF U17
191804,1570,2639254618,5744718,1H,31,31,shot,90.0,33.0,30685,932109,2639254610.0,12.543765,7.0,6.0,28.0,36.0,90.0,33.0,30685.0,U17 Ligaen,"AGF U17 - Horsens U17, 2 - 0",2025-08-16 15:15:00,191804,F. Carstensen,False,0.4122,0.123,,,,,,,,,,,,,,,,,,,,attack,,,,,0.123,opportunity,touch_in_box,,,,,,,,,Horsens U17
191804,1570,2639254708,5744718,1H,41,15,shot,78.0,40.0,30685,932109,2639254706.0,6.5964155,3.0,2.0,41.0,90.0,78.0,40.0,30685.0,U17 Ligaen,"AGF U17 - Horsens U17, 2 - 0",2025-08-16 15:15:00,191804,F. Carstensen,False,,0.09032,,,,,,,,,,,,,,,,,,,,attack,,,,,0.0903,opportunity,,,,,,,,,,Horsens U17
191804,1570,2639254751,5744718,1H,45,23,shot,90.0,64.0,30685,961783,2639254750.0,0.8130815,2.0,1.0,99.0,18.0,90.0,64.0,30685.0,U17 Ligaen,"AGF U17 - Horsens U17, 2 - 0",2025-08-16 15:15:00,191804,J. Ask,False,0.04156,0.05378,,,,,,,,,,,,,,,,,,,,set_piece_attack,attack,free_kick,free_kick_cross,,0.0538,head_shot,opportunity,shot_after_free_kick,touch_in_box,,,,,,,Horsens U17
191804,1570,2639254817,5744718,2H,49,31,shot,82.0,49.0,30685,945989,2639254805.0,15.8892955,11.0,10.0,24.0,41.0,82.0,49.0,30685.0,U17 Ligaen,"AGF U17 - Horsens U17, 2 - 0",2025-08-16 15:15:00,191804,Y. Abbas,False,0.06932,0.1098,,,,,,,,,,,,,,,,,,,,attack,,,,,0.1098,opportunity,,,,,,,,,,Horsens U17
191804,1570,2639254829,5744718,2H,50,16,shot,98.0,60.0,30685,945989,2639254825.0,4.7898695,5.0,4.0,100.0,100.0,98.0,60.0,30685.0,U17 Ligaen,"AGF U17 - Horsens U17, 2 - 0",2025-08-16 15:15:00,191804,Y. Abbas,False,0.2714,0.1527,,,,,,,,,,,,,,,,,,,,corner,set_piece_attack,attack,,,0.1527,opportunity,shot_after_corner,touch_in_box,,,,,,,,Horsens U17
191804,1570,2639254615,5744718,2H,52,34,shot,76.0,39.0,27145,872968,2639254606.0,11.827559,6.0,5.0,70.0,75.0,76.0,39.0,27145.0,U17 Ligaen,"AGF U17 - Horsens U17, 2 - 0",2025-08-16 15:15:00,191804,L. Jørgensen,False,0.01552,0.03821,,,,,,,,,,,,,,,,,,,,attack,,,,,0.0382,opportunity,,,,,,,,,,AGF U17
191804,1570,2639254660,5744718,2H,54,13,shot,92.0,44.0,27145,1021170,2639254635.0,21.087827,9.0,8.0,4.0,51.0,92.0,44.0,27145.0,U17 Ligaen,"AGF U17 - Horsens U17, 2 - 0",2025-08-16 15:15:00,191804,S. Bager,False,,0.3254,,,,,,,,,,,,,,,,,,,,attack,,,,,0.3254,opportunity,touch_in_box,,,,,,,,,AGF U17
191804,1570,2639255006,5744718,2H,64,17,shot,86.0,54.0,30685,932109,2639254978.0,58.086508,28.0,27.0,72.0,10.0,86.0,54.0,30685.0,U17 Ligaen,"AGF U17 - Horsens U17, 2 - 0",2025-08-16 15:15:00,191804,F. Carstensen,False,,0.1481,,,,,,,,,,,,,,,,,,,,attack,,,,,0.1481,touch_in_box,,,,,,,,,,Horsens U17
191804,1570,2639254887,5744718,2H,68,3,shot,87.0,35.0,27145,1135575,2639254876.0,9.2354175,8.0,7.0,47.0,34.0,87.0,35.0,27145.0,U17 Ligaen,"AGF U17 - Horsens U17, 2 - 0",2025-08-16 15:15:00,191804,W. Sondbery,False,0.05693,0.106,,,,,,,,,,,,,,,,,,,,attack,,,,,0.106,opportunity,shot_after_throw_in,touch_in_box,,,,,,,,AGF U17
191804,1570,2639254913,5744718,2H,69,54,shot,82.0,52.0,27145,1012799,2639254903.0,8.1598145,7.0,6.0,61.0,30.0,82.0,52.0,27145.0,U17 Ligaen,"AGF U17 - Horsens U17, 2 - 0",2025-08-16 15:15:00,191804,T. Thomsen,False,,0.03071,,,,,,,,,,,,,,,,,,,,attack,,,,,0.0307,,,,,,,,,,,AGF U17
191804,1570,2639254927,5744718,2H,69,59,shot,89.0,53.0,27145,1012799,2639254917.0,2.430806,6.0,5.0,79.0,44.0,89.0,53.0,27145.0,U17 Ligaen,"AGF U17 - Horsens U17, 2 - 0",2025-08-16 15:15:00,191804,T. Thomsen,True,0.6005,0.3232,,,,,,,,,,,,,,,,,,,,attack,,,,,0.3232,goal,opportunity,touch_in_box,,,,,,,,AGF U17
191804,1570,2639255167,5744718,2H,74,9,shot,94.0,37.0,30685,945989,2639255159.0,13.86776,8.0,7.0,0.0,43.0,94.0,37.0,30685.0,U17 Ligaen,"AGF U17 - Horsens U17, 2 - 0",2025-08-16 15:15:00,191804,Y. Abbas,False,,0.1979,,,,,,,,,,,,,,,,,,,,set_piece_attack,attack,free_kick,,,0.1979,opportunity,touch_in_box,,,,,,,,,Horsens U17
191804,1570,2639255174,5744718,2H,74,45,shot,92.0,53.0,30685,932109,2639255171.0,2.721821,4.0,3.0,100.0,0.0,92.0,53.0,30685.0,U17 Ligaen,"AGF U17 - Horsens U17, 2 - 0",2025-08-16 15:15:00,191804,F. Carstensen,False,,0.1153,,,,,,,,,,,,,,,,,,,,corner,set_piece_attack,attack,,,0.1153,head_shot,opportunity,shot_after_corner,touch_in_box,,,,,,,Horsens U17
191804,1570,2639255161,5744718,2H,83,4,shot,88.0,64.0,27145,963493,2639255155.0,1.312637,2.0,1.0,75.0,9.0,88.0,64.0,27145.0,U17 Ligaen,"AGF U17 - Horsens U17, 2 - 0",2025-08-16 15:15:00,191804,E. Hansen,False,0.01912,0.05947,,,,,,,,,,,,,,,,,,,,set_piece_attack,attack,free_kick,free_kick_cross,,0.0595,head_shot,opportunity,shot_after_free_kick,touch_in_box,,,,,,,AGF U17
191804,1570,2639255172,5744718,2H,83,37,shot,89.0,36.0,27145,1021645,2639255169.0,6.612823,3.0,2.0,61.0,34.0,89.0,36.0,27145.0,U17 Ligaen,"AGF U17 - Horsens U17, 2 - 0",2025-08-16 15:15:00,191804,J. Friis,False,0.1453,0.1973,,,,,,,,,,,,,,,,,,,,counterattack,attack,,,,0.1973,opportunity,touch_in_box,,,,,,,,,AGF U17
191804,1570,2639255281,5744718,2H,84,13,shot,89.0,57.0,30685,945989,2639255279.0,1.637594,3.0,2.0,78.0,76.0,89.0,57.0,30685.0,U17 Ligaen,"AGF U17 - Horsens U17, 2 - 0",2025-08-16 15:15:00,191804,Y. Abbas,False,0.4,0.3488,,,,,,,,,,,,,,,,,,,,attack,,,,,0.3488,opportunity,touch_in_box,,,,,,,,,Horsens U17
191804,1570,2639255206,5744718,2H,84,49,shot,91.0,44.0,27145,1135575,2639255204.0,0.8455495,2.0,1.0,78.0,93.0,91.0,44.0,27145.0,U17 Ligaen,"AGF U17 - Horsens U17, 2 - 0",2025-08-16 15:15:00,191804,W. Sondbery,False,0.06732,0.1066,,,,,,,,,,,,,,,,,,,,attack,,,,,0.1066,head_shot,opportunity,touch_in_box,,,,,,,,AGF U17
191804,1570,2639255343,5744718,2H,88,20,shot,83.0,31.0,30685,945989,2639255336.0,15.2961635,10.0,9.0,30.0,31.0,83.0,31.0,30685.0,U17 Ligaen,"AGF U17 - Horsens U17, 2 - 0",2025-08-16 15:15:00,191804,Y. Abbas,False,0.3298,0.0571,,,,,,,,,,,,,,,,,,,,attack,,,,,0.0571,opportunity,,,,,,,,,,Horsens U17
191804,1570,2639255285,5744718,2H,89,12,shot,70.0,53.0,27145,872968,2639255267.0,43.8387785,20.0,19.0,11.0,44.0,70.0,53.0,27145.0,U17 Ligaen,"AGF U17 - Horsens U17, 2 - 0",2025-08-16 15:15:00,191804,L. Jørgensen,False,,0.01181,,,,,,,,,,,,,,,,,,,,attack,,,,,0.0118,,,,,,,,,,,AGF U17
191804,1570,2648997902,5744719,1H,18,45,shot,79.0,37.0,27149,748629,2648997898.0,6.3530625,6.0,5.0,55.0,39.0,79.0,37.0,27149.0,U17 Ligaen,"Nordsjælland U17 - AaB U17, 2 - 1",2025-08-16 16:00:00,191804,N. Ayorinde,True,0.3152,0.08558,,,,,,,,,,,,,,,,,,,,counterattack,attack,,,,0.0856,goal,opportunity,,,,,,,,,Nordsjælland U17
191804,1570,2648997950,5744719,1H,22,26,shot,86.0,64.0,27149,748629,2648997928.0,17.3154975,8.0,7.0,5.0,56.0,86.0,64.0,27149.0,U17 Ligaen,"Nordsjælland U17 - AaB U17, 2 - 1",2025-08-16 16:00:00,191804,N. Ayorinde,False,,0.1048,,,,,,,,,,,,,,,,,,,,counterattack,attack,,,,0.1048,opportunity,touch_in_box,,,,,,,,,Nordsjælland U17
191804,1570,2648998105,5744719,1H,28,25,shot,78.0,32.0,27149,769149,2648998087.0,35.226031,15.0,14.0,29.0,68.0,78.0,32.0,27149.0,U17 Ligaen,"Nordsjælland U17 - AaB U17, 2 - 1",2025-08-16 16:00:00,191804,L. Callaku,False,0.02023,0.04857,,,,,,,,,,,,,,,,,,,,set_piece_attack,attack,free_kick,,,0.0486,opportunity,,,,,,,,,,Nordsjælland U17
191804,1570,2648998315,5744719,1H,33,27,shot,77.0,65.0,27142,868847,2648998299.0,42.601309,9.0,8.0,9.0,29.0,77.0,65.0,27142.0,U17 Ligaen,"Nordsjælland U17 - AaB U17, 2 - 1",2025-08-16 16:00:00,191804,E. Christiansen,False,0.06617,0.02893,,,,,,,,,,,,,,,,,,,,attack,,,,,0.0289,opportunity,,,,,,,,,,AaB U17
191804,1570,2648998262,5744719,1H,35,43,shot,92.0,48.0,27149,768985,2648998260.0,2.5282295,4.0,3.0,100.0,0.0,92.0,48.0,27149.0,U17 Ligaen,"Nordsjælland U17 - AaB U17, 2 - 1",2025-08-16 16:00:00,191804,C. Nielsen,False,,0.1152,,,,,,,,,,,,,,,,,,,,corner,set_piece_attack,attack,,,0.1152,head_shot,opportunity,shot_after_corner,touch_in_box,,,,,,,Nordsjælland U17
191804,1570,2648998385,5744719,1H,42,46,shot,80.0,36.0,27149,1056446,2648998346.0,71.747325,35.0,34.0,12.0,100.0,80.0,36.0,27149.0,U17 Ligaen,"Nordsjælland U17 - AaB U17, 2 - 1",2025-08-16 16:00:00,191804,A. Durmaz,False,,0.002437,,,,,,,,,,,,,,,,,,,,attack,throw_in,,,,0.0024,,,,,,,,,,,Nordsjælland U17
191804,1570,2648998431,5744719,1H,44,49,shot,90.0,54.0,27149,768985,2648998425.0,1.2249325,2.0,1.0,100.0,0.0,90.0,54.0,27149.0,U17 Ligaen,"Nordsjælland U17 - AaB U17, 2 - 1",2025-08-16 16:00:00,191804,C. Nielsen,False,0.111,0.09483,,,,,,,,,,,,,,,,,,,,corner,set_piece_attack,attack,,,0.0948,head_shot,opportunity,shot_after_corner,touch_in_box,,,,,,,Nordsjælland U17
191804,1570,2648998459,5744719,2H,46,2,shot,91.0,71.0,27149,1056446,2648998453.0,9.7962335,7.0,6.0,50.0,63.0,91.0,71.0,27149.0,U17 Ligaen,"Nordsjælland U17 - AaB U17, 2 - 1",2025-08-16 16:00:00,191804,A. Durmaz,False,0.06146,0.07465,,,,,,,,,,,,,,,,,,,,attack,,,,,0.0746,opportunity,touch_in_box,,,,,,,,,Nordsjælland U17
191804,1570,2648998661,5744719,2H,50,23,shot,80.0,69.0,27142,981595,2648998634.0,27.1255125,14.0,13.0,68.0,49.0,80.0,69.0,27142.0,U17 Ligaen,"Nordsjælland U17 - AaB U17, 2 - 1",2025-08-16 16:00:00,191804,S. Hassan,True,0.5831,0.04529,,,,,,,,,,,,,,,,,,,,attack,,,,,0.0453,goal,opportunity,,,,,,,,,AaB U17
191804,1570,2648998782,5744719,2H,63,30,shot,87.0,38.0,27149,748629,2648998768.0,29.048099,14.0,13.0,43.0,0.0,87.0,38.0,27149.0,U17 Ligaen,"Nordsjælland U17 - AaB U17, 2 - 1",2025-08-16 16:00:00,191804,N. Ayorinde,False,,0.1148,,,,,,,,,,,,,,,,,,,,attack,throw_in,,,,0.1148,opportunity,touch_in_box,,,,,,,,,Nordsjælland U17
191804,1570,2648998991,5744719,2H,74,8,shot,90.0,35.0,27149,769149,2648998958.0,39.729751,22.0,21.0,55.0,51.0,90.0,35.0,27149.0,U17 Ligaen,"Nordsjælland U17 - AaB U17, 2 - 1",2025-08-16 16:00:00,191804,L. Callaku,False,0.2883,0.1725,,,,,,,,,,,,,,,,,,,,set_piece_attack,attack,free_kick,,,0.1725,opportunity,touch_in_box,,,,,,,,,Nordsjælland U17
191804,1570,2648999003,5744719,2H,74,36,shot,86.0,37.0,27149,769149,2648998998.0,1.997175,3.0,2.0,100.0,0.0,86.0,37.0,27149.0,U17 Ligaen,"Nordsjælland U17 - AaB U17, 2 - 1",2025-08-16 16:00:00,191804,L. Callaku,False,,0.03092,,,,,,,,,,,,,,,,,,,,corner,set_piece_attack,attack,,,0.0309,shot_after_corner,touch_in_box,,,,,,,,,Nordsjælland U17
191804,1570,2648999038,5744719,2H,77,4,shot,99.0,45.0,27149,1101081,2648999032.0,12.640218,6.0,5.0,33.0,33.0,99.0,45.0,27149.0,U17 Ligaen,"Nordsjælland U17 - AaB U17, 2 - 1",2025-08-16 16:00:00,191804,L. Gernaey,True,0.9151,0.7601,,,,,,,,,,,,,,,,,,,,set_piece_attack,attack,free_kick,,,0.7601,goal,opportunity,touch_in_box,,,,,,,,Nordsjælland U17
191804,1570,2648999075,5744719,2H,79,30,shot,96.0,63.0,27149,1056446,2648999062.0,34.133423,15.0,14.0,37.0,79.0,96.0,63.0,27149.0,U17 Ligaen,"Nordsjælland U17 - AaB U17, 2 - 1",2025-08-16 16:00:00,191804,A. Durmaz,False,0.1252,0.07872,,,,,,,,,,,,,,,,,,,,attack,,,,,0.0787,opportunity,touch_in_box,,,,,,,,,Nordsjælland U17
191804,1570,2648999298,5744719,2H,85,20,shot,89.0,56.0,27142,981585,2648999293.0,9.141699,5.0,4.0,55.0,9.0,89.0,56.0,27142.0,U17 Ligaen,"Nordsjælland U17 - AaB U17, 2 - 1",2025-08-16 16:00:00,191804,N. Reiche,False,,0.07438,,,,,,,,,,,,,,,,,,,,set_piece_attack,attack,free_kick,,,0.0744,touch_in_box,,,,,,,,,,AaB U17
191804,1570,2648999422,5744719,2H,86,31,shot,78.0,37.0,27149,769149,2648999186.0,6.500526,7.0,6.0,45.0,0.0,78.0,37.0,27149.0,U17 Ligaen,"Nordsjælland U17 - AaB U17, 2 - 1",2025-08-16 16:00:00,191804,L. Callaku,False,0.1086,0.02905,,,,,,,,,,,,,,,,,,,,attack,throw_in,,,,0.029,opportunity,shot_after_throw_in,,,,,,,,,Nordsjælland U17
191804,1570,2648999307,5744719,2H,93,38,shot,83.0,54.0,27149,1056453,2648999301.0,6.0624685,5.0,4.0,54.0,62.0,83.0,54.0,27149.0,U17 Ligaen,"Nordsjælland U17 - AaB U17, 2 - 1",2025-08-16 16:00:00,191804,H. Villum Møller,False,,0.0755,,,,,,,,,,,,,,,,,,,,attack,,,,,0.0755,,,,,,,,,,,Nordsjælland U17
191804,1570,2648999412,5744719,2H,95,17,shot,88.0,35.0,27142,1226523,2648999410.0,2.336303,2.0,1.0,68.0,72.0,88.0,35.0,27142.0,U17 Ligaen,"Nordsjælland U17 - AaB U17, 2 - 1",2025-08-16 16:00:00,191804,E. Khawand,False,,0.01741,,,,,,,,,,,,,,,,,,,,set_piece_attack,attack,free_kick,free_kick_cross,,0.0174,shot_after_free_kick,touch_in_box,,,,,,,,,AaB U17
191804,1570,2648999417,5744719,2H,95,58,shot,88.0,67.0,27142,868847,2648999414.0,7.412037,5.0,4.0,100.0,0.0,88.0,67.0,27142.0,U17 Ligaen,"Nordsjælland U17 - AaB U17, 2 - 1",2025-08-16 16:00:00,191804,E. Christiansen,False,,0.01186,,,,,,,,,,,,,,,,,,,,corner,set_piece_attack,attack,,,0.0119,shot_after_corner,touch_in_box,,,,,,,,,AaB U17
191804,1570,2638707467,5744717,1H,1,33,shot,84.0,64.0,27146,976706,2638707457.0,23.226608,9.0,8.0,38.0,0.0,84.0,64.0,27146.0,U17 Ligaen,"Brøndby U17 - Lyngby U17, 2 - 1",2025-08-16 15:15:00,191804,C. Nielsen,False,,0.03424,,,,,,,,,,,,,,,,,,,,attack,throw_in,,,,0.0342,opportunity,,,,,,,,,,Brøndby U17
191804,1570,2638707562,5744717,1H,4,58,shot,82.0,34.0,27152,1096765,2638709498.0,4.298521,4.0,3.0,52.0,57.0,82.0,34.0,27152.0,U17 Ligaen,"Brøndby U17 - Lyngby U17, 2 - 1",2025-08-16 15:15:00,191804,A. Rasmus,False,0.1462,0.07432,,,,,,,,,,,,,,,,,,,,attack,,,,,0.0743,opportunity,,,,,,,,,,Lyngby U17
191804,1570,2638707602,5744717,1H,8,41,shot,80.0,30.0,27152,955889,2638707594.0,22.907191,12.0,11.0,10.0,47.0,80.0,30.0,27152.0,U17 Ligaen,"Brøndby U17 - Lyngby U17, 2 - 1",2025-08-16 15:15:00,191804,A. Heine,False,,0.02616,,,,,,,,,,,,,,,,,,,,attack,,,,,0.0262,,,,,,,,,,,Lyngby U17
191804,1570,2638707659,5744717,1H,16,48,shot,89.0,43.0,27152,939775,2638708206.0,33.0310955,15.0,14.0,46.0,29.0,89.0,43.0,27152.0,U17 Ligaen,"Brøndby U17 - Lyngby U17, 2 - 1",2025-08-16 15:15:00,191804,O. Wind,False,,0.2753,,,,,,,,,,,,,,,,,,,,set_piece_attack,attack,free_kick,,,0.2753,opportunity,touch_in_box,,,,,,,,,Lyngby U17
191804,1570,2638707684,5744717,1H,18,54,shot,96.0,65.0,27152,955889,2638707672.0,22.2601385,17.0,16.0,80.0,100.0,96.0,65.0,27152.0,U17 Ligaen,"Brøndby U17 - Lyngby U17, 2 - 1",2025-08-16 15:15:00,191804,A. Heine,False,0.1184,0.0274,,,,,,,,,,,,,,,,,,,,attack,throw_in,,,,0.0274,opportunity,touch_in_box,,,,,,,,,Lyngby U17
191804,1570,2638708101,5744717,1H,23,58,shot,83.0,48.0,27146,769004,2638708096.0,5.148106,7.0,6.0,59.0,35.0,83.0,48.0,27146.0,U17 Ligaen,"Brøndby U17 - Lyngby U17, 2 - 1",2025-08-16 15:15:00,191804,T. Ekstrand,False,,0.0409,,,,,,,,,,,,,,,,,,,,attack,,,,,0.0409,,,,,,,,,,,Brøndby U17
191804,1570,2638707811,5744717,1H,28,25,shot,87.0,53.0,27152,1096765,2638708207.0,6.5815695,4.0,3.0,42.0,35.0,87.0,53.0,27152.0,U17 Ligaen,"Brøndby U17 - Lyngby U17, 2 - 1",2025-08-16 15:15:00,191804,A. Rasmus,False,0.1723,0.1965,,,,,,,,,,,,,,,,,,,,counterattack,attack,,,,0.1965,opportunity,touch_in_box,,,,,,,,,Lyngby U17
191804,1570,2638707821,5744717,1H,29,18,shot,86.0,49.0,27152,1096765,2638708176.0,2.1203535,4.0,3.0,100.0,100.0,86.0,49.0,27152.0,U17 Ligaen,"Brøndby U17 - Lyngby U17, 2 - 1",2025-08-16 15:15:00,191804,A. Rasmus,False,,0.02774,,,,,,,,,,,,,,,,,,,,corner,set_piece_attack,attack,,,0.0277,shot_after_corner,touch_in_box,,,,,,,,,Lyngby U17
191804,1570,2638708323,5744717,1H,31,23,free_kick,70.0,53.0,27146,1108505,2638708323.0,3.439861,2.0,0.0,70.0,53.0,100.0,40.0,27146.0,U17 Ligaen,"Brøndby U17 - Lyngby U17, 2 - 1",2025-08-16 15:15:00,191804,J. Luca Sonnenborg,False,,0.0004294,,,,,,,,,,,,,,,,,,,,set_piece_attack,free_kick,direct_free_kick,,,,free_kick_shot,opportunity,shot,,,,,,,,Brøndby U17
191804,1570,2638708449,5744717,1H,35,4,shot,83.0,35.0,27146,911561,2638708435.0,18.56422,11.0,10.0,16.0,30.0,83.0,35.0,27146.0,U17 Ligaen,"Brøndby U17 - Lyngby U17, 2 - 1",2025-08-16 15:15:00,191804,M. Aliko,False,,0.04462,,,,,,,,,,,,,,,,,,,,attack,,,,,0.0446,,,,,,,,,,,Brøndby U17
191804,1570,2638707929,5744717,1H,42,44,shot,88.0,66.0,27152,939773,2638707918.0,42.3712965,15.0,14.0,28.0,20.0,88.0,66.0,27152.0,U17 Ligaen,"Brøndby U17 - Lyngby U17, 2 - 1",2025-08-16 15:15:00,191804,J. Pedersen,False,0.05973,0.12,,,,,,,,,,,,,,,,,,,,attack,,,,,0.12,opportunity,touch_in_box,,,,,,,,,Lyngby U17
191804,1570,2638707933,5744717,1H,44,2,shot,96.0,59.0,27152,1106871,2638707932.0,0.997474,2.0,1.0,90.0,91.0,96.0,59.0,27152.0,U17 Ligaen,"Brøndby U17 - Lyngby U17, 2 - 1",2025-08-16 15:15:00,191804,G. Gravgaard,False,0.5421,0.2046,,,,,,,,,,,,,,,,,,,,set_piece_attack,attack,free_kick,free_kick_cross,,0.2046,opportunity,shot_after_free_kick,touch_in_box,,,,,,,,Lyngby U17
191804,1570,2638707955,5744717,1H,45,30,shot,80.0,56.0,27152,955889,2638707938.0,39.318956,22.0,21.0,51.0,93.0,80.0,56.0,27152.0,U17 Ligaen,"Brøndby U17 - Lyngby U17, 2 - 1",2025-08-16 15:15:00,191804,A. Heine,False,,0.02094,,,,,,,,,,,,,,,,,,,,attack,,,,,0.0209,,,,,,,,,,,Lyngby U17
191804,1570,2638708008,5744717,2H,47,34,shot,97.0,35.0,27152,1202259,2638708146.0,14.4926575,10.0,9.0,47.0,42.0,97.0,35.0,27152.0,U17 Ligaen,"Brøndby U17 - Lyngby U17, 2 - 1",2025-08-16 15:15:00,191804,N. Krucov Knudsen,False,,0.1378,,,,,,,,,,,,,,,,,,,,set_piece_attack,attack,free_kick,,,0.1378,opportunity,touch_in_box,,,,,,,,,Lyngby U17
191804,1570,2638708022,5744717,2H,48,42,shot,82.0,41.0,27152,939775,2638709534.0,42.588457,24.0,23.0,54.0,56.0,82.0,41.0,27152.0,U17 Ligaen,"Brøndby U17 - Lyngby U17, 2 - 1",2025-08-16 15:15:00,191804,O. Wind,False,,0.06076,,,,,,,,,,,,,,,,,,,,attack,,,,,0.0608,,,,,,,,,,,Lyngby U17
191804,1570,2638708039,5744717,2H,49,16,shot,89.0,61.0,27152,939775,2638708029.0,8.307906,8.0,7.0,86.0,100.0,89.0,61.0,27152.0,U17 Ligaen,"Brøndby U17 - Lyngby U17, 2 - 1",2025-08-16 15:15:00,191804,O. Wind,True,0.1096,0.05649,,,,,,,,,,,,,,,,,,,,attack,throw_in,,,,0.0565,goal,opportunity,shot_after_throw_in,touch_in_box,,,,,,,Lyngby U17
191804,1570,2638708808,5744717,2H,58,13,shot,88.0,50.0,27146,769004,2638708807.0,0.591265,2.0,1.0,81.0,41.0,88.0,50.0,27146.0,U17 Ligaen,"Brøndby U17 - Lyngby U17, 2 - 1",2025-08-16 15:15:00,191804,T. Ekstrand,True,0.6056,0.3273,,,,,,,,,,,,,,,,,,,,attack,,,,,0.3273,goal,opportunity,touch_in_box,,,,,,,,Brøndby U17
191804,1570,2638708607,5744717,2H,72,45,shot,81.0,42.0,27152,939775,2638708598.0,12.682663,7.0,6.0,58.0,31.0,81.0,42.0,27152.0,U17 Ligaen,"Brøndby U17 - Lyngby U17, 2 - 1",2025-08-16 15:15:00,191804,O. Wind,False,,0.02798,,,,,,,,,,,,,,,,,,,,attack,,,,,0.028,,,,,,,,,,,Lyngby U17
191804,1570,2638709138,5744717,2H,83,23,shot,97.0,45.0,27146,1129852,2638709136.0,2.6463395,4.0,3.0,100.0,0.0,97.0,45.0,27146.0,U17 Ligaen,"Brøndby U17 - Lyngby U17, 2 - 1",2025-08-16 15:15:00,191804,O. Jensen,True,0.8245,0.4926,,,,,,,,,,,,,,,,,,,,corner,set_piece_attack,attack,,,0.4926,goal,opportunity,shot_after_corner,touch_in_box,,,,,,,Brøndby U17
191804,1570,2638708919,5744717,2H,91,34,shot,93.0,29.0,27152,939773,2638708904.0,7.227001,7.0,6.0,47.0,48.0,93.0,29.0,27152.0,U17 Ligaen,"Brøndby U17 - Lyngby U17, 2 - 1",2025-08-16 15:15:00,191804,J. Pedersen,False,,0.05269,,,,,,,,,,,,,,,,,,,,attack,,,,,0.0527,touch_in_box,,,,,,,,,,Lyngby U17
191804,1570,2638709015,5744717,2H,96,34,shot,93.0,38.0,27152,769169,2638708999.0,31.741656,16.0,15.0,52.0,100.0,93.0,38.0,27152.0,U17 Ligaen,"Brøndby U17 - Lyngby U17, 2 - 1",2025-08-16 15:15:00,191804,S. Obazuaye,False,,0.01098,,,,,,,,,,,,,,,,,,,,attack,throw_in,,,,0.011,head_shot,touch_in_box,,,,,,,,,Lyngby U17
191804,1570,2649856271,5744721,1H,2,58,shot,89.0,37.0,27148,1065138,2649856268.0,6.5386795,7.0,6.0,42.0,100.0,89.0,37.0,27148.0,U17 Ligaen,"AGF U17 - Esbjerg U17, 4 - 3",2025-08-22 16:15:00,191804,R. Sous,True,0.654,0.07726,,,,,,,,,,,,,,,,,,,,attack,throw_in,,,,0.0773,goal,opportunity,shot_after_throw_in,touch_in_box,,,,,,,Esbjerg U17
191804,1570,2649856329,5744721,1H,7,28,shot,86.0,65.0,27145,963493,2649856324.0,5.097734,6.0,5.0,68.0,27.0,86.0,65.0,27145.0,U17 Ligaen,"AGF U17 - Esbjerg U17, 4 - 3",2025-08-22 16:15:00,191804,E. Hansen,False,0.1695,0.142,,,,,,,,,,,,,,,,,,,,attack,,,,,0.142,opportunity,touch_in_box,,,,,,,,,AGF U17
191804,1570,2649857691,5744721,1H,18,21,shot,86.0,40.0,27145,1021170,2649856452.0,19.117171,9.0,8.0,100.0,100.0,86.0,40.0,27145.0,U17 Ligaen,"AGF U17 - Esbjerg U17, 4 - 3",2025-08-22 16:15:00,191804,S. Bager,False,0.09555,0.132,,,,,,,,,,,,,,,,,,,,corner,set_piece_attack,attack,,,0.132,opportunity,touch_in_box,,,,,,,,,AGF U17
191804,1570,2649856471,5744721,1H,18,51,shot,81.0,34.0,27145,882052,2649856464.0,14.2071315,8.0,7.0,64.0,22.0,81.0,34.0,27145.0,U17 Ligaen,"AGF U17 - Esbjerg U17, 4 - 3",2025-08-22 16:15:00,191804,W. Maarouf,False,,0.05649,,,,,,,,,,,,,,,,,,,,attack,,,,,0.0565,,,,,,,,,,,AGF U17
191804,1570,2649856473,5744721,1H,18,55,shot,93.0,49.0,27145,1012799,2649856473.0,0.0,1.0,0.0,93.0,49.0,93.0,49.0,27145.0,U17 Ligaen,"AGF U17 - Esbjerg U17, 4 - 3",2025-08-22 16:15:00,191804,T. Thomsen,True,0.6151,0.5535,,,,,,,,,,,,,,,,,,,,attack,,,,,0.5535,goal,opportunity,touch_in_box,,,,,,,,AGF U17
191804,1570,2649856517,5744721,1H,21,56,shot,94.0,49.0,27145,963493,2649856511.0,5.1249835,6.0,5.0,77.0,28.0,94.0,49.0,27145.0,U17 Ligaen,"AGF U17 - Esbjerg U17, 4 - 3",2025-08-22 16:15:00,191804,E. Hansen,True,0.3787,0.2722,,,,,,,,,,,,,,,,,,,,attack,,,,,0.2722,goal,head_shot,opportunity,touch_in_box,,,,,,,AGF U17
191804,1570,2649856507,5744721,1H,23,27,shot,80.0,32.0,27148,1101599,2649856494.0,13.888583,6.0,5.0,71.0,0.0,80.0,32.0,27148.0,U17 Ligaen,"AGF U17 - Esbjerg U17, 4 - 3",2025-08-22 16:15:00,191804,E. Cehobasic,False,,0.02323,,,,,,,,,,,,,,,,,,,,attack,throw_in,,,,0.0232,opportunity,,,,,,,,,,Esbjerg U17
191804,1570,2649856549,5744721,1H,25,24,free_kick,81.0,28.0,27145,1021170,2649856549.0,2.597296,2.0,0.0,81.0,28.0,100.0,47.0,27145.0,U17 Ligaen,"AGF U17 - Esbjerg U17, 4 - 3",2025-08-22 16:15:00,191804,S. Bager,False,,0.001402,,,,,,,,,,,,,,,,,,,,set_piece_attack,free_kick,direct_free_kick,,,,free_kick_shot,shot,,,,,,,,,AGF U17
191804,1570,2649856559,5744721,1H,26,3,shot,77.0,38.0,27145,1021645,2649856557.0,0.9779715,3.0,2.0,79.0,28.0,77.0,38.0,27145.0,U17 Ligaen,"AGF U17 - Esbjerg U17, 4 - 3",2025-08-22 16:15:00,191804,J. Friis,False,,0.03101,,,,,,,,,,,,,,,,,,,,attack,,,,,0.031,,,,,,,,,,,AGF U17
191804,1570,2649856577,5744721,1H,26,38,shot,89.0,29.0,27145,1021645,2649856570.0,5.0847095,6.0,5.0,62.0,25.0,89.0,29.0,27145.0,U17 Ligaen,"AGF U17 - Esbjerg U17, 4 - 3",2025-08-22 16:15:00,191804,J. Friis,False,,0.03659,,,,,,,,,,,,,,,,,,,,attack,,,,,0.0366,touch_in_box,,,,,,,,,,AGF U17
191804,1570,2649856597,5744721,1H,28,26,free_kick,73.0,59.0,27148,1101592,2649856597.0,3.3739075,2.0,0.0,73.0,59.0,100.0,58.0,27148.0,U17 Ligaen,"AGF U17 - Esbjerg U17, 4 - 3",2025-08-22 16:15:00,191804,M. Bergvold,False,,0.0007386,,,,,,,,,,,,,,,,,,,,set_piece_attack,free_kick,direct_free_kick,,,,free_kick_shot,opportunity,shot,,,,,,,,Esbjerg U17
191804,1570,2649856793,5744721,1H,36,43,shot,82.0,69.0,27145,1027803,2649856770.0,59.143815,25.0,24.0,61.0,40.0,82.0,69.0,27145.0,U17 Ligaen,"AGF U17 - Esbjerg U17, 4 - 3",2025-08-22 16:15:00,191804,C. Schjøtt,False,,0.009955,,,,,,,,,,,,,,,,,,,,attack,,,,,0.01,,,,,,,,,,,AGF U17
191804,1570,2649856887,5744721,1H,46,13,shot,89.0,58.0,27148,1101599,2649856872.0,57.3531545,21.0,20.0,73.0,100.0,89.0,58.0,27148.0,U17 Ligaen,"AGF U17 - Esbjerg U17, 4 - 3",2025-08-22 16:15:00,191804,E. Cehobasic,False,,0.004353,,,,,,,,,,,,,,,,,,,,attack,throw_in,,,,0.0044,touch_in_box,,,,,,,,,,Esbjerg U17
191804,1570,2649856890,5744721,1H,46,54,shot,88.0,36.0,27148,882054,2649856889.0,1.3630495,2.0,1.0,100.0,100.0,88.0,36.0,27148.0,U17 Ligaen,"AGF U17 - Esbjerg U17, 4 - 3",2025-08-22 16:15:00,191804,M. Hegner,True,0.2656,0.04042,,,,,,,,,,,,,,,,,,,,corner,set_piece_attack,attack,,,0.0404,goal,opportunity,shot_after_corner,touch_in_box,,,,,,,Esbjerg U17
191804,1570,2649857025,5744721,2H,46,32,free_kick,77.0,61.0,27145,959939,2649857025.0,3.5600095,2.0,0.0,77.0,61.0,100.0,60.0,27145.0,U17 Ligaen,"AGF U17 - Esbjerg U17, 4 - 3",2025-08-22 16:15:00,191804,C. Degn,False,,0.001035,,,,,,,,,,,,,,,,,,,,set_piece_attack,free_kick,direct_free_kick,,,,free_kick_shot,opportunity,shot,,,,,,,,AGF U17
191804,1570,2649857100,5744721,2H,49,28,free_kick,78.0,47.0,27145,1021645,2649857100.0,6.9665845,6.0,0.0,78.0,47.0,88.0,47.0,27145.0,U17 Ligaen,"AGF U17 - Esbjerg U17, 4 - 3",2025-08-22 16:15:00,191804,J. Friis,False,,0.0004331,,,,,,,,,,7.425,85.0,49.0,,,,,,,,set_piece_attack,free_kick,direct_free_kick,,,,free_kick_shot,carry,shot,,,,,,,,AGF U17
191804,1570,2649857155,5744721,2H,52,12,shot,99.0,55.0,27145,844652,2649857151.0,3.9285315,5.0,4.0,100.0,0.0,99.0,55.0,27145.0,U17 Ligaen,"AGF U17 - Esbjerg U17, 4 - 3",2025-08-22 16:15:00,191804,W. Laugesen,True,0.9268,0.6106,,,,,,,,,,,,,,,,,,,,corner,set_piece_attack,attack,,,0.6106,goal,opportunity,shot_after_corner,touch_in_box,,,,,,,AGF U17
191804,1570,2649857202,5744721,2H,55,6,shot,96.0,48.0,27145,882052,2649857184.0,27.4714735,20.0,19.0,29.0,95.0,96.0,48.0,27145.0,U17 Ligaen,"AGF U17 - Esbjerg U17, 4 - 3",2025-08-22 16:15:00,191804,W. Maarouf,True,0.8936,0.6639,,,,,,,,,,,,,,,,,,,,counterattack,attack,,,,0.6639,goal,opportunity,touch_in_box,,,,,,,,AGF U17
191804,1570,2649857070,5744721,2H,60,12,corner,100.0,100.0,27148,1101592,2649857070.0,1.481228,2.0,0.0,100.0,100.0,99.0,49.0,27148.0,U17 Ligaen,"AGF U17 - Esbjerg U17, 4 - 3",2025-08-22 16:15:00,191804,M. Bergvold,False,0.00171,0.002027,,,,,,,,,,,,,,,,,,,,corner,set_piece_attack,,,,,shot,,,,,,,,,,Esbjerg U17
191804,1570,2649857555,5744721,2H,75,1,shot,82.0,56.0,27145,959939,2649857554.0,1.6655925,2.0,1.0,62.0,65.0,82.0,56.0,27145.0,U17 Ligaen,"AGF U17 - Esbjerg U17, 4 - 3",2025-08-22 16:15:00,191804,C. Degn,False,,0.02471,,,,,,,,,,,,,,,,,,,,set_piece_attack,attack,free_kick,,,0.0247,,,,,,,,,,,AGF U17
191804,1570,2649857559,5744721,2H,75,8,shot,93.0,39.0,27145,1021170,2649857556.0,4.021956,6.0,5.0,76.0,33.0,93.0,39.0,27145.0,U17 Ligaen,"AGF U17 - Esbjerg U17, 4 - 3",2025-08-22 16:15:00,191804,S. Bager,False,,0.2322,,,,,,,,,,,,,,,,,,,,attack,,,,,0.2322,opportunity,touch_in_box,,,,,,,,,AGF U17
191804,1570,2649857293,5744721,2H,76,49,shot,89.0,56.0,27148,1101598,2649857292.0,0.4996355,2.0,1.0,87.0,49.0,89.0,56.0,27148.0,U17 Ligaen,"AGF U17 - Esbjerg U17, 4 - 3",2025-08-22 16:15:00,191804,P. Beuschau,False,0.833,0.5857,,,,,,,,,,,,,,,,,,,,attack,,,,,0.5857,opportunity,shot_after_throw_in,touch_in_box,,,,,,,,Esbjerg U17
191804,1570,2649857303,5744721,2H,77,5,shot,85.0,25.0,27148,882054,2649857296.0,7.63898,6.0,5.0,61.0,9.0,85.0,25.0,27148.0,U17 Ligaen,"AGF U17 - Esbjerg U17, 4 - 3",2025-08-22 16:15:00,191804,M. Hegner,False,,0.01392,,,,,,,,,,,,,,,,,,,,attack,,,,,0.0139,touch_in_box,,,,,,,,,,Esbjerg U17
191804,1570,2649857325,5744721,2H,77,59,shot,86.0,62.0,27148,1101599,2649857313.0,16.591454,10.0,9.0,72.0,0.0,86.0,62.0,27148.0,U17 Ligaen,"AGF U17 - Esbjerg U17, 4 - 3",2025-08-22 16:15:00,191804,E. Cehobasic,False,0.04938,0.03788,,,,,,,,,,,,,,,,,,,,attack,throw_in,,,,0.0379,opportunity,touch_in_box,,,,,,,,,Esbjerg U17
191804,1570,2649857328,5744721,2H,78,0,shot,96.0,46.0,27148,882054,2649857328.0,0.0,1.0,0.0,96.0,46.0,96.0,46.0,27148.0,U17 Ligaen,"AGF U17 - Esbjerg U17, 4 - 3",2025-08-22 16:15:00,191804,M. Hegner,True,0.7976,0.8308,,,,,,,,,,,,,,,,,,,,attack,,,,,0.8308,goal,opportunity,touch_in_box,,,,,,,,Esbjerg U17
191804,1570,2649857600,5744721,2H,79,31,shot,80.0,52.0,27145,1021170,2649857591.0,28.742618,15.0,14.0,43.0,24.0,80.0,52.0,27145.0,U17 Ligaen,"AGF U17 - Esbjerg U17, 4 - 3",2025-08-22 16:15:00,191804,S. Bager,False,0.3176,0.08216,,,,,,,,,,,,,,,,,,,,attack,,,,,0.0822,opportunity,,,,,,,,,,AGF U17
191804,1570,2649857382,5744721,2H,82,7,shot,83.0,24.0,27148,882054,2649857380.0,1.662929,4.0,3.0,81.0,0.0,83.0,24.0,27148.0,U17 Ligaen,"AGF U17 - Esbjerg U17, 4 - 3",2025-08-22 16:15:00,191804,M. Hegner,False,,0.008095,,,,,,,,,,,,,,,,,,,,attack,throw_in,,,,0.0081,opportunity,shot_after_throw_in,,,,,,,,,Esbjerg U17
191804,1570,2649857625,5744721,2H,87,19,shot,98.0,45.0,27145,844652,2649857624.0,0.990566,2.0,1.0,100.0,100.0,98.0,45.0,27145.0,U17 Ligaen,"AGF U17 - Esbjerg U17, 4 - 3",2025-08-22 16:15:00,191804,W. Laugesen,False,,0.2014,,,,,,,,,,,,,,,,,,,,corner,set_piece_attack,attack,,,0.2014,head_shot,opportunity,shot_after_corner,touch_in_box,,,,,,,AGF U17
191804,1570,2649857502,5744721,2H,91,7,shot,96.0,54.0,27148,1101591,2649857495.0,2.695733,5.0,4.0,89.0,71.0,96.0,54.0,27148.0,U17 Ligaen,"AGF U17 - Esbjerg U17, 4 - 3",2025-08-22 16:15:00,191804,J. Kjærsgaard,False,,0.5,,,,,,,,,,,,,,,,,,,,attack,,,,,0.5,head_shot,opportunity,shot_after_corner,touch_in_box,,,,,,,Esbjerg U17
191804,1570,2638669454,5744715,1H,1,8,shot,98.0,69.0,27139,769078,2638669443.0,37.128801,14.0,13.0,10.0,49.0,98.0,69.0,27139.0,U17 Ligaen,"Esbjerg U17 - Midtjylland U17, 0 - 4",2025-08-16 14:30:00,191804,V. Bastrup,False,,0.02633,,,,,,,,,,,,,,,,,,,,attack,,,,,0.0263,opportunity,touch_in_box,,,,,,,,,Midtjylland U17
191804,1570,2638669570,5744715,1H,11,11,shot,80.0,38.0,27139,768980,2638669567.0,9.501627,7.0,6.0,90.0,0.0,80.0,38.0,27139.0,U17 Ligaen,"Esbjerg U17 - Midtjylland U17, 0 - 4",2025-08-16 14:30:00,191804,F. Vestergaard,False,,0.03757,,,,,,,,,,,,,,,,,,,,attack,throw_in,,,,0.0376,opportunity,shot_after_throw_in,,,,,,,,,Midtjylland U17
191804,1570,2638669817,5744715,1H,32,16,shot,80.0,61.0,27139,961455,2638669813.0,10.0817395,8.0,7.0,42.0,40.0,80.0,61.0,27139.0,U17 Ligaen,"Esbjerg U17 - Midtjylland U17, 0 - 4",2025-08-16 14:30:00,191804,B. Mujkanovic,True,0.499,0.07724,,,,,,,,,,,,,,,,,,,,attack,,,,,0.0772,goal,opportunity,,,,,,,,,Midtjylland U17
191804,1570,2638669823,5744715,1H,34,36,shot,87.0,71.0,27139,961455,2638669822.0,1.660933,2.0,1.0,67.0,59.0,87.0,71.0,27139.0,U17 Ligaen,"Esbjerg U17 - Midtjylland U17, 0 - 4",2025-08-16 14:30:00,191804,B. Mujkanovic,True,0.1547,0.1031,,,,,,,,,,,,,,,,,,,,attack,,,,,0.1031,goal,opportunity,touch_in_box,,,,,,,,Midtjylland U17
191804,1570,2638670600,5744715,1H,43,9,shot,85.0,43.0,27148,1129147,2638670596.0,18.8838365,6.0,5.0,0.0,39.0,85.0,43.0,27148.0,U17 Ligaen,"Esbjerg U17 - Midtjylland U17, 0 - 4",2025-08-16 14:30:00,191804,A. Termansen,False,0.1036,0.1927,,,,,,,,,,,,,,,,,,,,set_piece_attack,attack,free_kick,,,0.1927,opportunity,touch_in_box,,,,,,,,,Esbjerg U17
191804,1570,2638670014,5744715,2H,50,57,shot,79.0,60.0,27139,980479,2638670005.0,37.508827,17.0,16.0,45.0,67.0,79.0,60.0,27139.0,U17 Ligaen,"Esbjerg U17 - Midtjylland U17, 0 - 4",2025-08-16 14:30:00,191804,F. Nykjær,False,0.02808,0.06432,,,,,,,,,,,,,,,,,,,,attack,,,,,0.0643,opportunity,,,,,,,,,,Midtjylland U17
191804,1570,2638670687,5744715,2H,53,46,shot,93.0,71.0,27148,882054,2638670683.0,7.1085495,6.0,5.0,59.0,27.0,93.0,71.0,27148.0,U17 Ligaen,"Esbjerg U17 - Midtjylland U17, 0 - 4",2025-08-16 14:30:00,191804,M. Hegner,False,0.1688,0.06645,,,,,,,,,,,,,,,,,,,,attack,,,,,0.0664,opportunity,touch_in_box,,,,,,,,,Esbjerg U17
191804,1570,2638670715,5744715,2H,56,35,shot,80.0,60.0,27148,882054,2638670713.0,4.5061,4.0,3.0,66.0,92.0,80.0,60.0,27148.0,U17 Ligaen,"Esbjerg U17 - Midtjylland U17, 0 - 4",2025-08-16 14:30:00,191804,M. Hegner,False,0.03047,0.08744,,,,,,,,,,,,,,,,,,,,attack,,,,,0.0874,opportunity,,,,,,,,,,Esbjerg U17
191804,1570,2638670742,5744715,2H,59,15,shot,91.0,38.0,27148,1101599,2638670737.0,12.580008,7.0,6.0,54.0,91.0,91.0,38.0,27148.0,U17 Ligaen,"Esbjerg U17 - Midtjylland U17, 0 - 4",2025-08-16 14:30:00,191804,E. Cehobasic,False,0.5807,0.429,,,,,,,,,,,,,,,,,,,,attack,,,,,0.429,opportunity,touch_in_box,,,,,,,,,Esbjerg U17
191804,1570,2638670127,5744715,2H,66,34,shot,86.0,64.0,27139,1016697,2638670124.0,5.7348945,5.0,4.0,70.0,50.0,86.0,64.0,27139.0,U17 Ligaen,"Esbjerg U17 - Midtjylland U17, 0 - 4",2025-08-16 14:30:00,191804,A. Guðjónsson,False,,0.05264,,,,,,,,,,,,,,,,,,,,attack,,,,,0.0526,touch_in_box,,,,,,,,,,Midtjylland U17
191804,1570,2638670149,5744715,2H,67,18,shot,89.0,42.0,27139,961455,2638670149.0,0.0,1.0,0.0,89.0,42.0,89.0,42.0,27139.0,U17 Ligaen,"Esbjerg U17 - Midtjylland U17, 0 - 4",2025-08-16 14:30:00,191804,B. Mujkanovic,False,0.5597,0.403,,,,,,,,,,,,,,,,,,,,attack,,,,,0.403,interception,opportunity,touch_in_box,,,,,,,,Midtjylland U17
191804,1570,2638670150,5744715,2H,67,21,shot,93.0,47.0,27139,961455,2638670150.0,0.0,1.0,0.0,93.0,47.0,93.0,47.0,27139.0,U17 Ligaen,"Esbjerg U17 - Midtjylland U17, 0 - 4",2025-08-16 14:30:00,191804,B. Mujkanovic,False,0.5853,0.4567,,,,,,,,,,,,,,,,,,,,attack,,,,,0.4567,head_shot,opportunity,touch_in_box,,,,,,,,Midtjylland U17
191804,1570,2638670190,5744715,2H,71,4,shot,90.0,47.0,27139,1016697,2638670181.0,34.690737,11.0,10.0,12.0,34.0,90.0,47.0,27139.0,U17 Ligaen,"Esbjerg U17 - Midtjylland U17, 0 - 4",2025-08-16 14:30:00,191804,A. Guðjónsson,True,0.3837,0.1075,,,,,,,,,,,,,,,,,,,,attack,,,,,0.1075,goal,head_shot,opportunity,touch_in_box,,,,,,,Midtjylland U17
191804,1570,2638670866,5744715,2H,73,31,shot,92.0,58.0,27148,1101600,2638670864.0,4.095834,4.0,3.0,100.0,0.0,92.0,58.0,27148.0,U17 Ligaen,"Esbjerg U17 - Midtjylland U17, 0 - 4",2025-08-16 14:30:00,191804,M. Søndergård,False,0.5048,0.2766,,,,,,,,,,,,,,,,,,,,corner,set_piece_attack,attack,,,0.2766,opportunity,shot_after_corner,touch_in_box,,,,,,,,Esbjerg U17
191804,1570,2638670216,5744715,2H,74,36,shot,89.0,53.0,27139,980479,2638670206.0,15.5923315,8.0,7.0,20.0,0.0,89.0,53.0,27139.0,U17 Ligaen,"Esbjerg U17 - Midtjylland U17, 0 - 4",2025-08-16 14:30:00,191804,F. Nykjær,False,,0.1325,,,,,,,,,,,,,,,,,,,,attack,throw_in,,,,0.1325,opportunity,touch_in_box,,,,,,,,,Midtjylland U17
191804,1570,2638670240,5744715,2H,75,30,shot,87.0,44.0,27139,769078,2638670234.0,9.6940585,6.0,5.0,77.0,9.0,87.0,44.0,27139.0,U17 Ligaen,"Esbjerg U17 - Midtjylland U17, 0 - 4",2025-08-16 14:30:00,191804,V. Bastrup,True,0.0922,0.1697,,,,,,,,,,,,,,,,,,,,attack,,,,,0.1697,goal,opportunity,touch_in_box,,,,,,,,Midtjylland U17
191804,1570,2638670907,5744715,2H,77,12,shot,89.0,71.0,27148,1101598,2638670899.0,18.650041,9.0,8.0,23.0,39.0,89.0,71.0,27148.0,U17 Ligaen,"Esbjerg U17 - Midtjylland U17, 0 - 4",2025-08-16 14:30:00,191804,P. Beuschau,False,0.06829,0.1451,,,,,,,,,,,,,,,,,,,,attack,,,,,0.1451,opportunity,touch_in_box,,,,,,,,,Esbjerg U17
191804,1570,2638670283,5744715,2H,78,45,shot,87.0,32.0,27139,769078,2638670270.0,28.8975955,17.0,16.0,44.0,19.0,87.0,32.0,27139.0,U17 Ligaen,"Esbjerg U17 - Midtjylland U17, 0 - 4",2025-08-16 14:30:00,191804,V. Bastrup,False,0.1357,0.09107,,,,,,,,,,,,,,,,,,,,attack,,,,,0.0911,opportunity,touch_in_box,,,,,,,,,Midtjylland U17
191804,1570,2638670304,5744715,2H,80,21,shot,76.0,30.0,27139,768980,2638670291.0,28.829411,13.0,12.0,66.0,60.0,76.0,30.0,27139.0,U17 Ligaen,"Esbjerg U17 - Midtjylland U17, 0 - 4",2025-08-16 14:30:00,191804,F. Vestergaard,False,,0.02436,,,,,,,,,,,,,,,,,,,,attack,,,,,0.0244,opportunity,,,,,,,,,,Midtjylland U17
191804,1570,2638670337,5744715,2H,82,21,shot,89.0,42.0,27139,1099482,2638670327.0,33.627832,12.0,11.0,46.0,45.0,89.0,42.0,27139.0,U17 Ligaen,"Esbjerg U17 - Midtjylland U17, 0 - 4",2025-08-16 14:30:00,191804,K. Nielsen,False,,0.2524,,,,,,,,,,,,,,,,,,,,attack,,,,,0.2524,opportunity,touch_in_box,,,,,,,,,Midtjylland U17
191804,1570,2638670971,5744715,2H,84,39,shot,86.0,35.0,27148,1065138,2638670960.0,29.0925955,13.0,12.0,5.0,32.0,86.0,35.0,27148.0,U17 Ligaen,"Esbjerg U17 - Midtjylland U17, 0 - 4",2025-08-16 14:30:00,191804,R. Sous,False,0.2508,0.1027,,,,,,,,,,,,,,,,,,,,attack,,,,,0.1027,opportunity,touch_in_box,,,,,,,,,Esbjerg U17
191804,1570,2638670360,5744715,2H,84,58,shot,76.0,56.0,27139,1099491,2638670356.0,11.175577,6.0,5.0,12.0,51.0,76.0,56.0,27139.0,U17 Ligaen,"Esbjerg U17 - Midtjylland U17, 0 - 4",2025-08-16 14:30:00,191804,O. Borko,False,,0.02698,,,,,,,,,,,,,,,,,,,,counterattack,attack,,,,0.027,,,,,,,,,,,Midtjylland U17
191804,1570,2642694627,5744716,1H,7,1,shot,81.0,52.0,27143,1084399,2642694607.0,19.601028,10.0,9.0,22.0,100.0,81.0,52.0,27143.0,U17 Ligaen,"OB U17 - Sønderjyske U17, 4 - 1",2025-08-16 15:00:00,191804,M. Buchholdt,False,,0.01061,,,,,,,,,,,,,,,,,,,,attack,throw_in,,,,0.0106,,,,,,,,,,,OB U17
191804,1570,2642694823,5744716,1H,14,40,shot,88.0,71.0,27143,911325,2642694814.0,23.664181,11.0,10.0,25.0,100.0,88.0,71.0,27143.0,U17 Ligaen,"OB U17 - Sønderjyske U17, 4 - 1",2025-08-16 15:00:00,191804,M. Dalager,False,,0.005146,,,,,,,,,,,,,,,,,,,,attack,throw_in,,,,0.0051,touch_in_box,,,,,,,,,,OB U17
191804,1570,2642694837,5744716,1H,15,30,shot,85.0,67.0,27143,898876,2642694825.0,37.871944,13.0,12.0,89.0,100.0,85.0,67.0,27143.0,U17 Ligaen,"OB U17 - Sønderjyske U17, 4 - 1",2025-08-16 15:00:00,191804,D. Manata,False,,0.02211,,,,,,,,,,,,,,,,,,,,attack,throw_in,,,,0.0221,opportunity,touch_in_box,,,,,,,,,OB U17
191804,1570,2642694882,5744716,1H,17,46,shot,80.0,51.0,27143,1084390,2642694868.0,30.136953,17.0,16.0,10.0,47.0,80.0,51.0,27143.0,U17 Ligaen,"OB U17 - Sønderjyske U17, 4 - 1",2025-08-16 15:00:00,191804,A. Karim,False,,0.09391,,,,,,,,,,,,,,,,,,,,attack,,,,,0.0939,opportunity,,,,,,,,,,OB U17
191804,1570,2642694770,5744716,1H,25,5,shot,81.0,52.0,62977,1196006,2642694766.0,8.021982,5.0,4.0,12.0,27.0,81.0,52.0,62977.0,U17 Ligaen,"OB U17 - Sønderjyske U17, 4 - 1",2025-08-16 15:00:00,191804,J. Schøler,False,0.08994,0.2443,,,,,,,,,,,,,,,,,,,,counterattack,attack,,,,0.2443,opportunity,,,,,,,,,,SønderjyskE U17
191804,1570,2642695013,5744716,1H,26,43,shot,85.0,67.0,27143,898876,2642695008.0,3.133244,3.0,2.0,48.0,54.0,85.0,67.0,27143.0,U17 Ligaen,"OB U17 - Sønderjyske U17, 4 - 1",2025-08-16 15:00:00,191804,D. Manata,False,0.16,0.09827,,,,,,,,,,,,,,,,,,,,counterattack,attack,,,,0.0983,opportunity,touch_in_box,,,,,,,,,OB U17
191804,1570,2642695056,5744716,1H,28,20,free_kick,89.0,84.0,27143,949728,2642695056.0,1.2675385,2.0,0.0,89.0,84.0,98.0,52.0,27143.0,U17 Ligaen,"OB U17 - Sønderjyske U17, 4 - 1",2025-08-16 15:00:00,191804,E. Rasmussen,True,0.02752,0.1094,,,,,,,,,,,,,,,,,,,,set_piece_attack,attack,free_kick,direct_free_kick,,0.1094,free_kick_shot,goal,opportunity,shot,,,,,,,OB U17
191804,1570,2642695108,5744716,1H,31,48,shot,81.0,48.0,27143,908254,2642695103.0,17.214637,6.0,5.0,3.0,73.0,81.0,48.0,27143.0,U17 Ligaen,"OB U17 - Sønderjyske U17, 4 - 1",2025-08-16 15:00:00,191804,K Lorents,False,0.07813,0.08241,,,,,,,,,,,,,,,,,,,,set_piece_attack,attack,free_kick,,,0.0824,opportunity,,,,,,,,,,OB U17
191804,1570,2642695165,5744716,1H,35,33,shot,92.0,46.0,27143,1056568,2642695152.0,31.1036335,19.0,18.0,100.0,100.0,92.0,46.0,27143.0,U17 Ligaen,"OB U17 - Sønderjyske U17, 4 - 1",2025-08-16 15:00:00,191804,H. Fabrin,False,,0.1511,,,,,,,,,,,,,,,,,,,,corner,set_piece_attack,attack,,,0.1511,opportunity,touch_in_box,,,,,,,,,OB U17
191804,1570,2642695166,5744716,1H,35,34,shot,95.0,46.0,27143,911338,2642695166.0,0.0,1.0,0.0,95.0,46.0,95.0,46.0,27143.0,U17 Ligaen,"OB U17 - Sønderjyske U17, 4 - 1",2025-08-16 15:00:00,191804,N. Manata,True,0.8688,0.6383,,,,,,,,,,,,,,,,,,,,attack,,,,,0.6383,goal,head_shot,opportunity,touch_in_box,,,,,,,OB U17
191804,1570,2642694991,5744716,1H,38,30,shot,86.0,73.0,62977,1218813,2642694977.0,25.075844,12.0,11.0,20.0,12.0,86.0,73.0,62977.0,U17 Ligaen,"OB U17 - Sønderjyske U17, 4 - 1",2025-08-16 15:00:00,191804,O. Schumacher,False,,0.0253,,,,,,,,,,,,,,,,,,,,attack,,,,,0.0253,touch_in_box,,,,,,,,,,SønderjyskE U17
191804,1570,2642695196,5744716,1H,39,10,shot,87.0,41.0,27143,1056568,2642695188.0,13.961968,11.0,10.0,2.0,31.0,87.0,41.0,27143.0,U17 Ligaen,"OB U17 - Sønderjyske U17, 4 - 1",2025-08-16 15:00:00,191804,H. Fabrin,False,0.08814,0.1573,,,,,,,,,,,,,,,,,,,,set_piece_attack,attack,free_kick,,,0.1573,opportunity,touch_in_box,,,,,,,,,OB U17
191804,1570,2642695216,5744716,1H,39,30,shot,87.0,50.0,27143,1056568,2642695207.0,8.9218535,5.0,4.0,61.0,32.0,87.0,50.0,27143.0,U17 Ligaen,"OB U17 - Sønderjyske U17, 4 - 1",2025-08-16 15:00:00,191804,H. Fabrin,False,0.1606,0.1206,,,,,,,,,,,,,,,,,,,,attack,,,,,0.1206,opportunity,touch_in_box,,,,,,,,,OB U17
191804,1570,2642695291,5744716,1H,45,0,shot,94.0,66.0,27143,898876,2642695287.0,8.9624785,5.0,4.0,66.0,48.0,94.0,66.0,27143.0,U17 Ligaen,"OB U17 - Sønderjyske U17, 4 - 1",2025-08-16 15:00:00,191804,D. Manata,False,0.1593,0.1361,,,,,,,,,,,,,,,,,,,,attack,,,,,0.1361,opportunity,touch_in_box,,,,,,,,,OB U17
191804,1570,2642695427,5744716,2H,48,25,shot,90.0,54.0,27143,1056568,2642695398.0,41.9402375,15.0,14.0,70.0,19.0,90.0,54.0,27143.0,U17 Ligaen,"OB U17 - Sønderjyske U17, 4 - 1",2025-08-16 15:00:00,191804,H. Fabrin,False,,0.2666,,,,,,,,,,,,,,,,,,,,attack,,,,,0.2666,opportunity,touch_in_box,,,,,,,,,OB U17
191804,1570,2642696096,5744716,2H,50,5,shot,87.0,66.0,62977,1218813,2642695249.0,41.3486325,14.0,13.0,46.0,40.0,87.0,66.0,62977.0,U17 Ligaen,"OB U17 - Sønderjyske U17, 4 - 1",2025-08-16 15:00:00,191804,O. Schumacher,False,,0.09796,,,,,,,,,,,,,,,,,,,,set_piece_attack,attack,free_kick,,,0.098,opportunity,touch_in_box,,,,,,,,,SønderjyskE U17
191804,1570,2642695448,5744716,2H,50,37,shot,86.0,44.0,27143,1079584,2642695445.0,4.5407565,5.0,4.0,62.0,52.0,86.0,44.0,27143.0,U17 Ligaen,"OB U17 - Sønderjyske U17, 4 - 1",2025-08-16 15:00:00,191804,P. Raben,False,,0.08307,,,,,,,,,,,,,,,,,,,,attack,,,,,0.0831,touch_in_box,,,,,,,,,,OB U17
191804,1570,2642695316,5744716,2H,53,20,shot,90.0,33.0,62977,1099854,2642696106.0,1.9901015,4.0,3.0,78.0,33.0,90.0,33.0,62977.0,U17 Ligaen,"OB U17 - Sønderjyske U17, 4 - 1",2025-08-16 15:00:00,191804,A. Schelde,False,0.1292,0.1127,,,,,,,,,,,,,,,,,,,,attack,,,,,0.1127,opportunity,touch_in_box,,,,,,,,,SønderjyskE U17
191804,1570,2642695765,5744716,2H,62,47,shot,87.0,64.0,27143,898876,2642695756.0,30.216617,9.0,8.0,9.0,48.0,87.0,64.0,27143.0,U17 Ligaen,"OB U17 - Sønderjyske U17, 4 - 1",2025-08-16 15:00:00,191804,D. Manata,False,0.06268,0.1849,,,,,,,,,,,,,,,,,,,,attack,,,,,0.1849,opportunity,touch_in_box,,,,,,,,,OB U17
191804,1570,2642695777,5744716,2H,62,52,shot,88.0,47.0,27143,1079584,2642695767.0,1.0040905,2.0,1.0,83.0,57.0,88.0,47.0,27143.0,U17 Ligaen,"OB U17 - Sønderjyske U17, 4 - 1",2025-08-16 15:00:00,191804,P. Raben,True,0.7584,0.262,,,,,,,,,,,,,,,,,,,,attack,,,,,0.262,goal,opportunity,touch_in_box,,,,,,,,OB U17
191804,1570,2642695590,5744716,2H,72,50,shot,77.0,58.0,62977,1196006,2642696481.0,8.826678,6.0,5.0,20.0,53.0,77.0,58.0,62977.0,U17 Ligaen,"OB U17 - Sønderjyske U17, 4 - 1",2025-08-16 15:00:00,191804,J. Schøler,True,0.4191,0.06724,,,,,,,,,,,,,,,,,,,,attack,,,,,0.0672,goal,interception,opportunity,,,,,,,,SønderjyskE U17
191804,1570,2642695897,5744716,2H,74,16,shot,89.0,52.0,27143,911338,2642695895.0,6.073065,5.0,4.0,100.0,0.0,89.0,52.0,27143.0,U17 Ligaen,"OB U17 - Sønderjyske U17, 4 - 1",2025-08-16 15:00:00,191804,N. Manata,False,,0.06229,,,,,,,,,,,,,,,,,,,,corner,set_piece_attack,attack,,,0.0623,shot_after_corner,touch_in_box,,,,,,,,,OB U17
191804,1570,2642695903,5744716,2H,75,2,shot,88.0,70.0,27143,898876,2642696093.0,16.9756225,9.0,8.0,100.0,0.0,88.0,70.0,27143.0,U17 Ligaen,"OB U17 - Sønderjyske U17, 4 - 1",2025-08-16 15:00:00,191804,D. Manata,False,0.0488,0.04867,,,,,,,,,,,,,,,,,,,,corner,set_piece_attack,attack,,,0.0487,opportunity,touch_in_box,,,,,,,,,OB U17
191804,1570,2642695909,5744716,2H,75,26,shot,94.0,37.0,27143,1079584,2642695905.0,9.73647,5.0,4.0,49.0,91.0,94.0,37.0,27143.0,U17 Ligaen,"OB U17 - Sønderjyske U17, 4 - 1",2025-08-16 15:00:00,191804,P. Raben,False,0.2609,0.2208,,,,,,,,,,,,,,,,,,,,attack,,,,,0.2208,opportunity,touch_in_box,,,,,,,,,OB U17
191804,1570,2642695912,5744716,2H,75,35,shot,83.0,75.0,27143,911346,2642695910.0,2.457167,4.0,3.0,70.0,66.0,83.0,75.0,27143.0,U17 Ligaen,"OB U17 - Sønderjyske U17, 4 - 1",2025-08-16 15:00:00,191804,O. Bach Rasmussen,False,,0.01097,,,,,,,,,,,,,,,,,,,,attack,,,,,0.011,,,,,,,,,,,OB U17
191804,1570,2642695972,5744716,2H,80,24,shot,90.0,56.0,27143,911346,2642695968.0,8.759348,5.0,4.0,48.0,28.0,90.0,56.0,27143.0,U17 Ligaen,"OB U17 - Sønderjyske U17, 4 - 1",2025-08-16 15:00:00,191804,O. Bach Rasmussen,False,,0.2447,,,,,,,,,,,,,,,,,,,,attack,,,,,0.2447,opportunity,touch_in_box,,,,,,,,,OB U17
191804,1570,2642695988,5744716,2H,81,37,shot,91.0,68.0,27143,898876,2642695975.0,28.9060665,18.0,17.0,26.0,83.0,91.0,68.0,27143.0,U17 Ligaen,"OB U17 - Sønderjyske U17, 4 - 1",2025-08-16 15:00:00,191804,D. Manata,False,,0.1183,,,,,,,,,,,,,,,,,,,,set_piece_attack,attack,free_kick,,,0.1183,opportunity,touch_in_box,,,,,,,,,OB U17
191804,1570,2642695994,5744716,2H,82,15,shot,89.0,45.0,27143,908254,2642695990.0,5.1624695,6.0,5.0,65.0,48.0,89.0,45.0,27143.0,U17 Ligaen,"OB U17 - Sønderjyske U17, 4 - 1",2025-08-16 15:00:00,191804,K Lorents,True,,0.3733,,,,,,,,,,,,,,,,,,,,counterattack,attack,,,,0.3733,goal,opportunity,touch_in_box,,,,,,,,OB U17
191804,1570,2642696007,5744716,2H,85,14,shot,82.0,34.0,27143,1084390,2642696001.0,11.525284,10.0,9.0,15.0,67.0,82.0,34.0,27143.0,U17 Ligaen,"OB U17 - Sønderjyske U17, 4 - 1",2025-08-16 15:00:00,191804,A. Karim,False,0.05076,0.07192,,,,,,,,,,,,,,,,,,,,set_piece_attack,attack,free_kick,,,0.0719,opportunity,,,,,,,,,,OB U17
191804,1570,2642696082,5744716,2H,93,19,shot,81.0,61.0,27143,911336,2642696079.0,9.166191,6.0,5.0,40.0,33.0,81.0,61.0,27143.0,U17 Ligaen,"OB U17 - Sønderjyske U17, 4 - 1",2025-08-16 15:00:00,191804,O. Stasiak,False,,0.05231,,,,,,,,,,,,,,,,,,,,attack,,,,,0.0523,,,,,,,,,,,OB U17
191804,1570,2650364904,5744722,1H,8,9,shot,86.0,59.0,27144,1057667,2650364901.0,1.026734,3.0,2.0,86.0,49.0,86.0,59.0,27144.0,U17 Ligaen,"København U17 - Horsens U17, 3 - 0",2025-08-23 14:15:00,191804,L. Heriba,False,0.21,0.1975,,,,,,,,,,,,,,,,,,,,attack,,,,,0.1975,opportunity,touch_in_box,,,,,,,,,København U17
191804,1570,2650365016,5744722,1H,12,36,shot,85.0,49.0,27144,962716,2650364986.0,41.983722,23.0,22.0,43.0,100.0,85.0,49.0,27144.0,U17 Ligaen,"København U17 - Horsens U17, 3 - 0",2025-08-23 14:15:00,191804,D. Sanits,True,0.4292,0.05614,,,,,,,,,,,,,,,,,,,,attack,throw_in,,,,0.0561,goal,opportunity,touch_in_box,,,,,,,,København U17
191804,1570,2650364983,5744722,1H,26,22,shot,76.0,46.0,30685,1187123,2650364974.0,10.6265675,9.0,8.0,56.0,52.0,76.0,46.0,30685.0,U17 Ligaen,"København U17 - Horsens U17, 3 - 0",2025-08-23 14:15:00,191804,J. Kragh Bastholm,False,0.1819,0.05603,,,,,,,,,,,,,,,,,,,,attack,,,,,0.056,opportunity,,,,,,,,,,Horsens U17
191804,1570,2650364993,5744722,1H,26,43,shot,84.0,34.0,30685,932109,2650364987.0,4.3813505,8.0,7.0,62.0,16.0,84.0,34.0,30685.0,U17 Ligaen,"København U17 - Horsens U17, 3 - 0",2025-08-23 14:15:00,191804,F. Carstensen,False,0.02188,0.07271,,,,,,,,,,,,,,,,,,,,attack,,,,,0.0727,opportunity,,,,,,,,,,Horsens U17
191804,1570,2650365398,5744722,1H,30,26,shot,80.0,46.0,27144,933776,2650365387.0,29.504727,15.0,14.0,60.0,73.0,80.0,46.0,27144.0,U17 Ligaen,"København U17 - Horsens U17, 3 - 0",2025-08-23 14:15:00,191804,I. Holalam,False,0.05117,0.09612,,,,,,,,,,,,,,,,,,,,attack,,,,,0.0961,opportunity,,,,,,,,,,København U17
191804,1570,2650365166,5744722,1H,38,28,free_kick,77.0,46.0,30685,769165,2650365166.0,0.8379845,2.0,0.0,77.0,46.0,100.0,54.0,30685.0,U17 Ligaen,"København U17 - Horsens U17, 3 - 0",2025-08-23 14:15:00,191804,B. Jepsen,False,0.304,0.1745,,,,,,,,,,,,,,,,,,,,set_piece_attack,attack,free_kick,direct_free_kick,,0.1745,free_kick_shot,opportunity,shot,,,,,,,,Horsens U17
191804,1570,2650365501,5744722,1H,39,56,shot,73.0,5.0,27144,918912,2650365471.0,79.410615,38.0,37.0,2.0,48.0,73.0,5.0,27144.0,U17 Ligaen,"København U17 - Horsens U17, 3 - 0",2025-08-23 14:15:00,191804,X. Poulsen,True,0.5503,0.2069,,,,,,,,,,,,,,,,,,,,attack,,,,,0.2069,goal,opportunity,,,,,,,,,København U17
191804,1570,2650365790,5744722,2H,58,41,shot,99.0,33.0,27144,1098854,2650365786.0,6.4157015,6.0,5.0,95.0,0.0,99.0,33.0,27144.0,U17 Ligaen,"København U17 - Horsens U17, 3 - 0",2025-08-23 14:15:00,191804,S. Pelyad,False,,0.009857,,,,,,,,,,,,,,,,,,,,attack,throw_in,,,,0.0099,opportunity,shot_after_throw_in,touch_in_box,,,,,,,,København U17
191804,1570,2650365841,5744722,2H,63,11,shot,90.0,39.0,27144,933776,2650365837.0,9.949847,7.0,6.0,41.0,92.0,90.0,39.0,27144.0,U17 Ligaen,"København U17 - Horsens U17, 3 - 0",2025-08-23 14:15:00,191804,I. Holalam,False,0.1426,0.2246,,,,,,,,,,,,,,,,,,,,attack,,,,,0.2246,opportunity,touch_in_box,,,,,,,,,København U17
191804,1570,2650366008,5744722,2H,71,26,shot,86.0,48.0,27144,1057668,2650365996.0,29.731482,14.0,13.0,62.0,83.0,86.0,48.0,27144.0,U17 Ligaen,"København U17 - Horsens U17, 3 - 0",2025-08-23 14:15:00,191804,T. Reeh,True,0.595,0.1532,,,,,,,,,,,,,,,,,,,,attack,,,,,0.1532,goal,opportunity,touch_in_box,,,,,,,,København U17
191804,1570,2650366050,5744722,2H,74,16,shot,90.0,50.0,27144,933776,2650366048.0,2.945538,4.0,3.0,90.0,23.0,90.0,50.0,27144.0,U17 Ligaen,"København U17 - Horsens U17, 3 - 0",2025-08-23 14:15:00,191804,I. Holalam,False,,0.298,,,,,,,,,,,,,,,,,,,,attack,,,,,0.298,opportunity,touch_in_box,,,,,,,,,København U17
191804,1570,2650366121,5744722,2H,86,37,shot,82.0,58.0,27144,933776,2650366119.0,3.9873575,5.0,4.0,56.0,61.0,82.0,58.0,27144.0,U17 Ligaen,"København U17 - Horsens U17, 3 - 0",2025-08-23 14:15:00,191804,I. Holalam,False,0.1671,0.127,,,,,,,,,,,,,,,,,,,,attack,,,,,0.127,opportunity,,,,,,,,,,København U17
191804,1570,2650366163,5744722,2H,88,19,shot,87.0,42.0,27144,933776,2650366158.0,6.1495955,7.0,6.0,100.0,0.0,87.0,42.0,27144.0,U17 Ligaen,"København U17 - Horsens U17, 3 - 0",2025-08-23 14:15:00,191804,I. Holalam,False,,0.02689,,,,,,,,,,,,,,,,,,,,corner,set_piece_attack,attack,,,0.0269,shot_after_corner,touch_in_box,,,,,,,,,København U17
191804,1570,2650366175,5744722,2H,89,19,shot,91.0,61.0,27144,1098854,2650366174.0,1.881451,4.0,3.0,83.0,64.0,91.0,61.0,27144.0,U17 Ligaen,"København U17 - Horsens U17, 3 - 0",2025-08-23 14:15:00,191804,S. Pelyad,False,,0.3382,,,,,,,,,,,,,,,,,,,,attack,,,,,0.3382,opportunity,touch_in_box,,,,,,,,,København U17
191804,1570,2650366389,5744722,2H,90,13,shot,92.0,64.0,30685,1100169,2650366379.0,20.891199,15.0,14.0,31.0,32.0,92.0,64.0,30685.0,U17 Ligaen,"København U17 - Horsens U17, 3 - 0",2025-08-23 14:15:00,191804,B. Ivan Pabst,False,,0.1893,,,,,,,,,,,,,,,,,,,,set_piece_attack,attack,free_kick,,,0.1893,opportunity,touch_in_box,,,,,,,,,Horsens U17
191804,1570,2648491859,5744726,1H,9,55,shot,84.0,49.0,27147,871496,2648491851.0,9.839077,6.0,5.0,33.0,14.0,84.0,49.0,27147.0,U17 Ligaen,"Silkeborg U17 - Brøndby U17, 1 - 4",2025-08-23 15:30:00,191804,L. Borg,False,,0.09893,,,,,,,,,,,,,,,,,,,,attack,,,,,0.0989,opportunity,,,,,,,,,,Silkeborg U17
191804,1570,2648491967,5744726,1H,14,9,shot,88.0,39.0,27146,769137,2648491932.0,50.919137,18.0,17.0,13.0,34.0,88.0,39.0,27146.0,U17 Ligaen,"Silkeborg U17 - Brøndby U17, 1 - 4",2025-08-23 15:30:00,191804,E. Broberg,False,0.08794,0.1774,,,,,,,,,,,,,,,,,,,,set_piece_attack,attack,free_kick,,,0.1774,opportunity,touch_in_box,,,,,,,,,Brøndby U17
191804,1570,2648492031,5744726,1H,18,0,shot,90.0,35.0,27147,768977,2648492007.0,17.303254,11.0,10.0,33.0,67.0,90.0,35.0,27147.0,U17 Ligaen,"Silkeborg U17 - Brøndby U17, 1 - 4",2025-08-23 15:30:00,191804,D. Gade,False,0.1305,0.1383,,,,,,,,,,,,,,,,,,,,attack,,,,,0.1383,opportunity,touch_in_box,,,,,,,,,Silkeborg U17
191804,1570,2648492293,5744726,1H,24,29,shot,84.0,46.0,27147,871496,2648492210.0,52.297336,20.0,19.0,82.0,100.0,84.0,46.0,27147.0,U17 Ligaen,"Silkeborg U17 - Brøndby U17, 1 - 4",2025-08-23 15:30:00,191804,L. Borg,True,0.5271,0.07939,,,,,,,,,,,,,,,,,,,,attack,throw_in,,,,0.0794,goal,opportunity,,,,,,,,,Silkeborg U17
191804,1570,2648492166,5744726,1H,28,28,shot,92.0,44.0,27146,769004,2648492164.0,1.7557595,4.0,3.0,65.0,44.0,92.0,44.0,27146.0,U17 Ligaen,"Silkeborg U17 - Brøndby U17, 1 - 4",2025-08-23 15:30:00,191804,T. Ekstrand,False,0.07021,0.117,,,,,,,,,,,,,,,,,,,,set_piece_attack,attack,free_kick,free_kick_cross,,0.117,head_shot,opportunity,shot_after_free_kick,touch_in_box,,,,,,,Brøndby U17
191804,1570,2648492384,5744726,1H,29,23,shot,87.0,46.0,27147,947132,2648492369.0,23.0330495,14.0,13.0,59.0,100.0,87.0,46.0,27147.0,U17 Ligaen,"Silkeborg U17 - Brøndby U17, 1 - 4",2025-08-23 15:30:00,191804,F. Ibsen,False,,0.02031,,,,,,,,,,,,,,,,,,,,attack,throw_in,,,,0.0203,touch_in_box,,,,,,,,,,Silkeborg U17
191804,1570,2648492303,5744726,1H,35,26,shot,94.0,40.0,27146,911563,2648492296.0,2.3212745,4.0,3.0,100.0,100.0,94.0,40.0,27146.0,U17 Ligaen,"Silkeborg U17 - Brøndby U17, 1 - 4",2025-08-23 15:30:00,191804,R. Pedersen,False,,0.09371,,,,,,,,,,,,,,,,,,,,corner,set_piece_attack,attack,,,0.0937,head_shot,opportunity,shot_after_corner,touch_in_box,,,,,,,Brøndby U17
191804,1570,2648492357,5744726,1H,38,16,shot,92.0,47.0,27146,769004,2648492346.0,18.781698,13.0,12.0,43.0,22.0,92.0,47.0,27146.0,U17 Ligaen,"Silkeborg U17 - Brøndby U17, 1 - 4",2025-08-23 15:30:00,191804,T. Ekstrand,True,0.4258,0.4731,,,,,,,,,,,,,,,,,,,,attack,,,,,0.4731,goal,opportunity,touch_in_box,,,,,,,,Brøndby U17
191804,1570,2648492359,5744726,1H,39,17,shot,74.0,62.0,27146,1152222,2648492358.0,2.0658845,2.0,1.0,43.0,55.0,74.0,62.0,27146.0,U17 Ligaen,"Silkeborg U17 - Brøndby U17, 1 - 4",2025-08-23 15:30:00,191804,K. Al-Mosawi,False,0.04451,0.04269,,,,,,,,,,,,,,,,,,,,attack,,,,,0.0427,opportunity,,,,,,,,,,Brøndby U17
191804,1570,2648492381,5744726,1H,40,43,shot,76.0,57.0,27146,769139,2648492378.0,1.769869,4.0,3.0,63.0,68.0,76.0,57.0,27146.0,U17 Ligaen,"Silkeborg U17 - Brøndby U17, 1 - 4",2025-08-23 15:30:00,191804,J. Gretlund,False,,0.04162,,,,,,,,,,,,,,,,,,,,attack,,,,,0.0416,,,,,,,,,,,Brøndby U17
191804,1570,2648492638,5744726,1H,44,57,shot,82.0,68.0,27147,1080911,2648492624.0,20.124701,8.0,7.0,3.0,56.0,82.0,68.0,27147.0,U17 Ligaen,"Silkeborg U17 - Brøndby U17, 1 - 4",2025-08-23 15:30:00,191804,P. Hindby,False,,0.04414,,,,,,,,,,,,,,,,,,,,attack,,,,,0.0441,opportunity,,,,,,,,,,Silkeborg U17
191804,1570,2648492441,5744726,1H,46,13,shot,94.0,54.0,27146,769004,2648492435.0,11.4620595,6.0,5.0,29.0,68.0,94.0,54.0,27146.0,U17 Ligaen,"Silkeborg U17 - Brøndby U17, 1 - 4",2025-08-23 15:30:00,191804,T. Ekstrand,True,0.4656,0.3423,,,,,,,,,,,,,,,,,,,,attack,,,,,0.3423,goal,head_shot,opportunity,touch_in_box,,,,,,,Brøndby U17
191804,1570,2648492478,5744726,2H,45,22,shot,72.0,70.0,27146,911541,2648492470.0,10.3219065,5.0,4.0,70.0,76.0,72.0,70.0,27146.0,U17 Ligaen,"Silkeborg U17 - Brøndby U17, 1 - 4",2025-08-23 15:30:00,191804,M. Granberg,False,,0.001143,,,,,,,,,,,,,,,,,,,,attack,,,,,0.0011,,,,,,,,,,,Brøndby U17
191804,1570,2648492815,5744726,2H,50,13,shot,93.0,52.0,27147,1051585,2648492813.0,3.5551215,3.0,2.0,100.0,0.0,93.0,52.0,27147.0,U17 Ligaen,"Silkeborg U17 - Brøndby U17, 1 - 4",2025-08-23 15:30:00,191804,E. Gylling,False,0.1922,0.1228,,,,,,,,,,,,,,,,,,,,corner,set_piece_attack,attack,,,0.1228,head_shot,opportunity,shot_after_corner,touch_in_box,,,,,,,Silkeborg U17
191804,1570,2648492816,5744726,2H,50,19,shot,85.0,34.0,27147,768977,2648492816.0,0.0,1.0,0.0,85.0,34.0,85.0,34.0,27147.0,U17 Ligaen,"Silkeborg U17 - Brøndby U17, 1 - 4",2025-08-23 15:30:00,191804,D. Gade,False,,0.1139,,,,,,,,,,,,,,,,,,,,attack,,,,,0.1139,shot_after_corner,touch_in_box,,,,,,,,,Silkeborg U17
191804,1570,2648492617,5744726,2H,53,5,shot,86.0,47.0,27146,769137,2648492595.0,53.133521,21.0,20.0,46.0,68.0,86.0,47.0,27146.0,U17 Ligaen,"Silkeborg U17 - Brøndby U17, 1 - 4",2025-08-23 15:30:00,191804,E. Broberg,False,0.09303,0.1386,,,,,,,,,,,,,,,,,,,,attack,,,,,0.1386,opportunity,touch_in_box,,,,,,,,,Brøndby U17
191804,1570,2648492702,5744726,2H,58,48,shot,72.0,50.0,27146,911556,2648492688.0,34.3673075,12.0,11.0,26.0,67.0,72.0,50.0,27146.0,U17 Ligaen,"Silkeborg U17 - Brøndby U17, 1 - 4",2025-08-23 15:30:00,191804,M. Schou,False,0.02289,0.03151,,,,,,,,,,,,,,,,,,,,attack,,,,,0.0315,,,,,,,,,,,Brøndby U17
191804,1570,2648492739,5744726,2H,61,4,shot,72.0,34.0,27146,769135,2648492723.0,7.66809,9.0,8.0,69.0,100.0,72.0,34.0,27146.0,U17 Ligaen,"Silkeborg U17 - Brøndby U17, 1 - 4",2025-08-23 15:30:00,191804,E. Larsen,False,,0.004623,,,,,,,,,,,,,,,,,,,,attack,throw_in,,,,0.0046,shot_after_throw_in,,,,,,,,,,Brøndby U17
191804,1570,2648493027,5744726,2H,63,41,shot,87.0,36.0,27147,980688,2648493023.0,9.0399245,6.0,5.0,20.0,8.0,87.0,36.0,27147.0,U17 Ligaen,"Silkeborg U17 - Brøndby U17, 1 - 4",2025-08-23 15:30:00,191804,K. Bøgild,False,0.08297,0.1361,,,,,,,,,,,,,,,,,,,,attack,,,,,0.1361,opportunity,touch_in_box,,,,,,,,,Silkeborg U17
191804,1570,2648493080,5744726,2H,65,15,shot,86.0,61.0,27147,1080918,2648493064.0,32.45837,19.0,18.0,6.0,33.0,86.0,61.0,27147.0,U17 Ligaen,"Silkeborg U17 - Brøndby U17, 1 - 4",2025-08-23 15:30:00,191804,M. Lind,False,0.0767,0.1245,,,,,,,,,,,,,,,,,,,,attack,,,,,0.1245,opportunity,touch_in_box,,,,,,,,,Silkeborg U17
191804,1570,2648492812,5744726,2H,67,40,shot,87.0,44.0,27146,769004,2648492798.0,30.109805,15.0,14.0,10.0,47.0,87.0,44.0,27146.0,U17 Ligaen,"Silkeborg U17 - Brøndby U17, 1 - 4",2025-08-23 15:30:00,191804,T. Ekstrand,True,0.1096,0.2546,,,,,,,,,,,,,,,,,,,,attack,,,,,0.2546,goal,opportunity,touch_in_box,,,,,,,,Brøndby U17
191804,1570,2648493173,5744726,2H,72,54,shot,87.0,39.0,27147,768977,2648493153.0,51.510766,24.0,23.0,61.0,28.0,87.0,39.0,27147.0,U17 Ligaen,"Silkeborg U17 - Brøndby U17, 1 - 4",2025-08-23 15:30:00,191804,D. Gade,False,,0.01693,,,,,,,,,,,,,,,,,,,,attack,,,,,0.0169,touch_in_box,,,,,,,,,,Silkeborg U17
191804,1570,2648492887,5744726,2H,73,37,shot,90.0,34.0,27146,911561,2648492877.0,24.681468,11.0,10.0,31.0,53.0,90.0,34.0,27146.0,U17 Ligaen,"Silkeborg U17 - Brøndby U17, 1 - 4",2025-08-23 15:30:00,191804,M. Aliko,False,0.1824,0.1159,,,,,,,,,,,,,,,,,,,,set_piece_attack,attack,free_kick,,,0.1159,opportunity,touch_in_box,,,,,,,,,Brøndby U17
191804,1570,2648492892,5744726,2H,74,43,shot,90.0,51.0,27146,911563,2648492889.0,1.7621945,4.0,3.0,100.0,0.0,90.0,51.0,27146.0,U17 Ligaen,"Silkeborg U17 - Brøndby U17, 1 - 4",2025-08-23 15:30:00,191804,R. Pedersen,False,0.09634,0.0767,,,,,,,,,,,,,,,,,,,,corner,set_piece_attack,attack,,,0.0767,head_shot,opportunity,shot_after_corner,touch_in_box,,,,,,,Brøndby U17
191804,1570,2648492949,5744726,2H,79,25,shot,73.0,39.0,27146,769004,2648492949.0,0.0,1.0,0.0,73.0,39.0,73.0,39.0,27146.0,U17 Ligaen,"Silkeborg U17 - Brøndby U17, 1 - 4",2025-08-23 15:30:00,191804,T. Ekstrand,False,0.02259,0.02859,,,,,,,,,,,,,,,,,,,,attack,,,,,0.0286,opportunity,,,,,,,,,,Brøndby U17
191804,1570,2648492960,5744726,2H,82,7,shot,88.0,45.0,27146,769137,2648492956.0,12.7120665,7.0,6.0,100.0,100.0,88.0,45.0,27146.0,U17 Ligaen,"Silkeborg U17 - Brøndby U17, 1 - 4",2025-08-23 15:30:00,191804,E. Broberg,False,0.4284,0.148,,,,,,,,,,,,,,,,,,,,corner,set_piece_attack,attack,,,0.148,opportunity,touch_in_box,,,,,,,,,Brøndby U17
191804,1570,2648492963,5744726,2H,82,47,shot,79.0,29.0,27146,911556,2648492962.0,3.6838715,4.0,3.0,100.0,0.0,79.0,29.0,27146.0,U17 Ligaen,"Silkeborg U17 - Brøndby U17, 1 - 4",2025-08-23 15:30:00,191804,M. Schou,False,0.03976,0.02126,,,,,,,,,,,,,,,,,,,,corner,set_piece_attack,attack,,,0.0213,opportunity,shot_after_corner,,,,,,,,,Brøndby U17
191804,1570,2648492991,5744726,2H,84,54,shot,69.0,29.0,27146,911561,2648492987.0,14.7508155,6.0,5.0,29.0,40.0,69.0,29.0,27146.0,U17 Ligaen,"Silkeborg U17 - Brøndby U17, 1 - 4",2025-08-23 15:30:00,191804,M. Aliko,False,,0.007133,,,,,,,,,,,,,,,,,,,,attack,,,,,0.0071,,,,,,,,,,,Brøndby U17
191804,1570,2648493261,5744726,2H,85,45,shot,77.0,52.0,27147,768977,2648493250.0,27.276015,14.0,13.0,27.0,27.0,77.0,52.0,27147.0,U17 Ligaen,"Silkeborg U17 - Brøndby U17, 1 - 4",2025-08-23 15:30:00,191804,D. Gade,False,0.2752,0.06151,,,,,,,,,,,,,,,,,,,,set_piece_attack,attack,free_kick,,,0.0615,opportunity,,,,,,,,,,Silkeborg U17
191804,1570,2648493119,5744726,2H,95,32,shot,94.0,57.0,27146,911561,2648493089.0,57.100042,19.0,18.0,64.0,38.0,94.0,57.0,27146.0,U17 Ligaen,"Silkeborg U17 - Brøndby U17, 1 - 4",2025-08-23 15:30:00,191804,M. Aliko,True,0.6001,0.4147,,,,,,,,,,,,,,,,,,,,attack,,,,,0.4147,goal,opportunity,touch_in_box,,,,,,,,Brøndby U17
191804,1570,2638886648,5744714,1H,4,23,shot,98.0,46.0,27147,871496,2638886644.0,16.368525,6.0,5.0,100.0,0.0,98.0,46.0,27147.0,U17 Ligaen,"Randers U17 - Silkeborg U17, 3 - 1",2025-08-16 13:00:00,191804,L. Borg,False,,0.5019,,,,,,,,,,,,,,,,,,,,corner,set_piece_attack,attack,,,0.5019,head_shot,opportunity,touch_in_box,,,,,,,,Silkeborg U17
191804,1570,2638886728,5744714,1H,12,58,penalty,90.0,50.0,27147,947132,2638886728.0,0.7829875,2.0,0.0,90.0,50.0,99.0,53.0,27147.0,U17 Ligaen,"Randers U17 - Silkeborg U17, 3 - 1",2025-08-16 13:00:00,191804,F. Ibsen,False,0.81,0.76,,,,,,,,,,,,,,,,,,,,set_piece_attack,attack,penalty,,,0.76,shot,,,,,,,,,,Silkeborg U17
191804,1570,2638886729,5744714,1H,13,1,shot,97.0,45.0,27147,947132,2638886729.0,0.0,1.0,0.0,97.0,45.0,97.0,45.0,27147.0,U17 Ligaen,"Randers U17 - Silkeborg U17, 3 - 1",2025-08-16 13:00:00,191804,F. Ibsen,False,0.8854,0.8461,,,,,,,,,,,,,,,,,,,,attack,,,,,0.8461,opportunity,touch_in_box,,,,,,,,,Silkeborg U17
191804,1570,2638886730,5744714,1H,13,4,shot,96.0,53.0,27147,1080918,2638886730.0,0.0,1.0,0.0,96.0,53.0,96.0,53.0,27147.0,U17 Ligaen,"Randers U17 - Silkeborg U17, 3 - 1",2025-08-16 13:00:00,191804,M. Lind,False,0.7374,0.6393,,,,,,,,,,,,,,,,,,,,attack,,,,,0.6393,head_shot,opportunity,touch_in_box,,,,,,,,Silkeborg U17
191804,1570,2638887098,5744714,1H,16,41,shot,87.0,65.0,27140,908263,2638887085.0,23.6944495,11.0,10.0,8.0,40.0,87.0,65.0,27140.0,U17 Ligaen,"Randers U17 - Silkeborg U17, 3 - 1",2025-08-16 13:00:00,191804,H. Leal Soares,False,0.2363,0.1015,,,,,,,,,,,,,,,,,,,,attack,,,,,0.1015,opportunity,touch_in_box,,,,,,,,,Randers U17
191804,1570,2638887225,5744714,1H,24,52,free_kick,70.0,24.0,27140,1095264,2638887225.0,2.2942465,2.0,0.0,70.0,24.0,100.0,49.0,27140.0,U17 Ligaen,"Randers U17 - Silkeborg U17, 3 - 1",2025-08-16 13:00:00,191804,O. Riise-Jakobsen,False,,0.0007154,,,,,,,,,,,,,,,,,,,,set_piece_attack,free_kick,direct_free_kick,,,,free_kick_shot,shot,,,,,,,,,Randers U17
191804,1570,2638887267,5744714,1H,25,53,shot,74.0,49.0,27140,1095264,2638887249.0,20.6569005,15.0,14.0,41.0,0.0,74.0,49.0,27140.0,U17 Ligaen,"Randers U17 - Silkeborg U17, 3 - 1",2025-08-16 13:00:00,191804,O. Riise-Jakobsen,False,0.1566,0.0169,,,,,,,,,,,,,,,,,,,,attack,throw_in,,,,0.0169,opportunity,,,,,,,,,,Randers U17
191804,1570,2638887300,5744714,1H,29,21,shot,79.0,41.0,27140,961233,2638888694.0,35.7242505,17.0,16.0,63.0,82.0,79.0,41.0,27140.0,U17 Ligaen,"Randers U17 - Silkeborg U17, 3 - 1",2025-08-16 13:00:00,191804,Y. Taffal,False,0.1384,0.06446,,,,,,,,,,,,,,,,,,,,attack,,,,,0.0645,opportunity,,,,,,,,,,Randers U17
191804,1570,2638886989,5744714,1H,33,15,shot,88.0,48.0,27147,871496,2638886976.0,13.391105,11.0,10.0,89.0,0.0,88.0,48.0,27147.0,U17 Ligaen,"Randers U17 - Silkeborg U17, 3 - 1",2025-08-16 13:00:00,191804,L. Borg,False,,0.1339,,,,,,,,,,,,,,,,,,,,attack,throw_in,,,,0.1339,opportunity,shot_after_throw_in,touch_in_box,,,,,,,,Silkeborg U17
191804,1570,2638886991,5744714,1H,33,23,shot,75.0,72.0,27147,1080911,2638886990.0,1.59698,2.0,1.0,68.0,35.0,75.0,72.0,27147.0,U17 Ligaen,"Randers U17 - Silkeborg U17, 3 - 1",2025-08-16 13:00:00,191804,P. Hindby,False,,0.01425,,,,,,,,,,,,,,,,,,,,attack,,,,,0.0143,,,,,,,,,,,Silkeborg U17
191804,1570,2638887073,5744714,1H,38,10,shot,86.0,70.0,27147,871496,2638887051.0,32.079282,13.0,12.0,46.0,54.0,86.0,70.0,27147.0,U17 Ligaen,"Randers U17 - Silkeborg U17, 3 - 1",2025-08-16 13:00:00,191804,L. Borg,False,0.2317,0.04334,,,,,,,,,,,,,,,,,,,,attack,,,,,0.0433,opportunity,touch_in_box,,,,,,,,,Silkeborg U17
191804,1570,2638887155,5744714,1H,40,12,shot,88.0,68.0,27147,768977,2638887145.0,2.5995375,6.0,5.0,100.0,100.0,88.0,68.0,27147.0,U17 Ligaen,"Randers U17 - Silkeborg U17, 3 - 1",2025-08-16 13:00:00,191804,D. Gade,False,,0.006383,,,,,,,,,,,,,,,,,,,,corner,set_piece_attack,attack,,,0.0064,shot_after_corner,touch_in_box,,,,,,,,,Silkeborg U17
191804,1570,2638887207,5744714,1H,41,59,shot,93.0,67.0,27147,768977,2638887178.0,12.689774,8.0,7.0,45.0,76.0,93.0,67.0,27147.0,U17 Ligaen,"Randers U17 - Silkeborg U17, 3 - 1",2025-08-16 13:00:00,191804,D. Gade,False,,0.05098,,,,,,,,,,,,,,,,,,,,attack,,,,,0.051,touch_in_box,,,,,,,,,,Silkeborg U17
191804,1570,2638887448,5744714,1H,44,19,shot,86.0,30.0,27140,961233,2638887433.0,49.155659,24.0,23.0,9.0,44.0,86.0,30.0,27140.0,U17 Ligaen,"Randers U17 - Silkeborg U17, 3 - 1",2025-08-16 13:00:00,191804,Y. Taffal,False,0.03906,0.08059,,,,,,,,,,,,,,,,,,,,attack,,,,,0.0806,opportunity,touch_in_box,,,,,,,,,Randers U17
191804,1570,2638887456,5744714,1H,44,37,shot,85.0,63.0,27140,961233,2638887449.0,15.4554555,10.0,9.0,80.0,50.0,85.0,63.0,27140.0,U17 Ligaen,"Randers U17 - Silkeborg U17, 3 - 1",2025-08-16 13:00:00,191804,Y. Taffal,True,0.05588,0.1018,,,,,,,,,,,,,,,,,,,,attack,,,,,0.1018,goal,opportunity,touch_in_box,,,,,,,,Randers U17
191804,1570,2638887255,5744714,1H,45,40,shot,89.0,40.0,27147,980688,2638887245.0,16.4446315,10.0,9.0,51.0,51.0,89.0,40.0,27147.0,U17 Ligaen,"Randers U17 - Silkeborg U17, 3 - 1",2025-08-16 13:00:00,191804,K. Bøgild,False,0.4673,0.2075,,,,,,,,,,,,,,,,,,,,attack,,,,,0.2075,opportunity,touch_in_box,,,,,,,,,Silkeborg U17
191804,1570,2638887311,5744714,2H,45,45,shot,91.0,65.0,27147,947132,2638887310.0,1.2382375,2.0,1.0,100.0,0.0,91.0,65.0,27147.0,U17 Ligaen,"Randers U17 - Silkeborg U17, 3 - 1",2025-08-16 13:00:00,191804,F. Ibsen,False,0.06877,0.09276,,,,,,,,,,,,,,,,,,,,corner,set_piece_attack,attack,,,0.0928,head_shot,opportunity,shot_after_corner,touch_in_box,,,,,,,Silkeborg U17
191804,1570,2638887359,5744714,2H,47,26,shot,88.0,48.0,27147,871496,2638887343.0,26.6480195,11.0,10.0,61.0,81.0,88.0,48.0,27147.0,U17 Ligaen,"Randers U17 - Silkeborg U17, 3 - 1",2025-08-16 13:00:00,191804,L. Borg,False,,0.2741,,,,,,,,,,,,,,,,,,,,attack,,,,,0.2741,opportunity,touch_in_box,,,,,,,,,Silkeborg U17
191804,1570,2638887392,5744714,2H,49,44,shot,96.0,62.0,27147,947132,2638887389.0,3.4184555,4.0,3.0,72.0,83.0,96.0,62.0,27147.0,U17 Ligaen,"Randers U17 - Silkeborg U17, 3 - 1",2025-08-16 13:00:00,191804,F. Ibsen,False,,0.09721,,,,,,,,,,,,,,,,,,,,set_piece_attack,attack,free_kick,,,0.0972,opportunity,touch_in_box,,,,,,,,,Silkeborg U17
191804,1570,2638887473,5744714,2H,51,14,shot,88.0,57.0,27147,947132,2638887469.0,5.019772,5.0,4.0,62.0,19.0,88.0,57.0,27147.0,U17 Ligaen,"Randers U17 - Silkeborg U17, 3 - 1",2025-08-16 13:00:00,191804,F. Ibsen,False,0.4249,0.206,,,,,,,,,,,,,,,,,,,,attack,,,,,0.206,opportunity,touch_in_box,,,,,,,,,Silkeborg U17
191804,1570,2638887512,5744714,2H,53,51,shot,87.0,49.0,27147,947132,2638887504.0,11.6444635,6.0,5.0,73.0,0.0,87.0,49.0,27147.0,U17 Ligaen,"Randers U17 - Silkeborg U17, 3 - 1",2025-08-16 13:00:00,191804,F. Ibsen,False,,0.03971,,,,,,,,,,,,,,,,,,,,attack,throw_in,,,,0.0397,head_shot,opportunity,shot_after_throw_in,touch_in_box,,,,,,,Silkeborg U17
191804,1570,2638887608,5744714,2H,56,37,shot,98.0,53.0,27140,908263,2638887601.0,12.066014,7.0,6.0,22.0,0.0,98.0,53.0,27140.0,U17 Ligaen,"Randers U17 - Silkeborg U17, 3 - 1",2025-08-16 13:00:00,191804,H. Leal Soares,True,0.7513,0.4781,,,,,,,,,,,,,,,,,,,,counterattack,attack,throw_in,,,0.4781,goal,opportunity,shot_after_throw_in,touch_in_box,,,,,,,Randers U17
191804,1570,2638887564,5744714,2H,57,47,shot,80.0,47.0,27147,947132,2638887547.0,22.693257,22.0,21.0,49.0,49.0,80.0,47.0,27147.0,U17 Ligaen,"Randers U17 - Silkeborg U17, 3 - 1",2025-08-16 13:00:00,191804,F. Ibsen,False,,0.02789,,,,,,,,,,,,,,,,,,,,attack,,,,,0.0279,,,,,,,,,,,Silkeborg U17
191804,1570,2638887566,5744714,2H,57,51,shot,74.0,28.0,27147,947131,2638887566.0,0.0,1.0,0.0,74.0,28.0,74.0,28.0,27147.0,U17 Ligaen,"Randers U17 - Silkeborg U17, 3 - 1",2025-08-16 13:00:00,191804,D. Stojanovic,False,,0.01605,,,,,,,,,,,,,,,,,,,,attack,,,,,0.016,,,,,,,,,,,Silkeborg U17
191804,1570,2638887792,5744714,2H,69,12,shot,78.0,64.0,27140,961233,2638887779.0,24.6831405,12.0,11.0,68.0,36.0,78.0,64.0,27140.0,U17 Ligaen,"Randers U17 - Silkeborg U17, 3 - 1",2025-08-16 13:00:00,191804,Y. Taffal,True,0.2178,0.04415,,,,,,,,,,,,,,,,,,,,attack,,,,,0.0442,goal,opportunity,,,,,,,,,Randers U17
191804,1570,2638887815,5744714,2H,73,31,shot,85.0,49.0,27147,768977,2638887813.0,0.8449405,2.0,1.0,94.0,73.0,85.0,49.0,27147.0,U17 Ligaen,"Randers U17 - Silkeborg U17, 3 - 1",2025-08-16 13:00:00,191804,D. Gade,False,,0.07797,,,,,,,,,,,,,,,,,,,,attack,,,,,0.078,head_shot,opportunity,shot_after_free_kick,touch_in_box,,,,,,,Silkeborg U17
191804,1570,2638887856,5744714,2H,74,18,shot,90.0,74.0,27140,1095638,2638887835.0,35.490535,22.0,21.0,0.0,62.0,90.0,74.0,27140.0,U17 Ligaen,"Randers U17 - Silkeborg U17, 3 - 1",2025-08-16 13:00:00,191804,J. Spliid,False,0.3618,0.05143,,,,,,,,,,,,,,,,,,,,set_piece_attack,attack,free_kick,,,0.0514,opportunity,touch_in_box,,,,,,,,,Randers U17
191804,1570,2638887876,5744714,2H,76,50,shot,89.0,43.0,27147,980688,2638887871.0,20.0798695,8.0,7.0,100.0,100.0,89.0,43.0,27147.0,U17 Ligaen,"Randers U17 - Silkeborg U17, 3 - 1",2025-08-16 13:00:00,191804,K. Bøgild,False,,0.06619,,,,,,,,,,,,,,,,,,,,corner,set_piece_attack,attack,,,0.0662,head_shot,opportunity,touch_in_box,,,,,,,,Silkeborg U17
191804,1570,2638887940,5744714,2H,80,43,free_kick,72.0,57.0,27147,1080918,2638887940.0,2.310966,2.0,0.0,72.0,57.0,100.0,54.0,27147.0,U17 Ligaen,"Randers U17 - Silkeborg U17, 3 - 1",2025-08-16 13:00:00,191804,M. Lind,False,,0.0009082,,,,,,,,,,,,,,,,,,,,set_piece_attack,free_kick,direct_free_kick,,,,free_kick_shot,opportunity,shot,,,,,,,,Silkeborg U17
191804,1570,2638887975,5744714,2H,82,3,shot,95.0,49.0,27147,980688,2638887949.0,31.05866,20.0,19.0,10.0,35.0,95.0,49.0,27147.0,U17 Ligaen,"Randers U17 - Silkeborg U17, 3 - 1",2025-08-16 13:00:00,191804,K. Bøgild,True,0.8019,0.5239,,,,,,,,,,,,,,,,,,,,attack,,,,,0.5239,goal,opportunity,touch_in_box,,,,,,,,Silkeborg U17
191804,1570,2638888004,5744714,2H,83,18,shot,97.0,60.0,27147,980688,2638888003.0,0.3398425,2.0,1.0,94.0,61.0,97.0,60.0,27147.0,U17 Ligaen,"Randers U17 - Silkeborg U17, 3 - 1",2025-08-16 13:00:00,191804,K. Bøgild,False,,0.2592,,,,,,,,,,,,,,,,,,,,attack,,,,,0.2592,opportunity,touch_in_box,,,,,,,,,Silkeborg U17
191804,1570,2638888052,5744714,2H,87,27,shot,97.0,63.0,27147,766105,2638888071.0,1.2125225,2.0,1.0,76.0,29.0,97.0,63.0,27147.0,U17 Ligaen,"Randers U17 - Silkeborg U17, 3 - 1",2025-08-16 13:00:00,191804,M. Møller Wiehe,False,,0.1283,,,,,,,,,,,,,,,,,,,,set_piece_attack,attack,free_kick,free_kick_cross,,0.1283,opportunity,shot_after_free_kick,touch_in_box,,,,,,,,Silkeborg U17
191804,1570,2638888137,5744714,2H,91,55,shot,80.0,50.0,27147,980688,2638888130.0,9.033795,8.0,7.0,44.0,46.0,80.0,50.0,27147.0,U17 Ligaen,"Randers U17 - Silkeborg U17, 3 - 1",2025-08-16 13:00:00,191804,K. Bøgild,False,,0.06073,,,,,,,,,,,,,,,,,,,,attack,,,,,0.0607,,,,,,,,,,,Silkeborg U17
191804,1570,2638888141,5744714,2H,91,59,shot,74.0,51.0,27147,1103693,2638888139.0,0.439726,2.0,1.0,81.0,54.0,74.0,51.0,27147.0,U17 Ligaen,"Randers U17 - Silkeborg U17, 3 - 1",2025-08-16 13:00:00,191804,B. Hjort Aagesen,False,,0.01129,,,,,,,,,,,,,,,,,,,,attack,,,,,0.0113,,,,,,,,,,,Silkeborg U17
191804,1570,2638888163,5744714,2H,93,41,shot,78.0,68.0,27147,768977,2638888159.0,6.6897455,11.0,10.0,77.0,100.0,78.0,68.0,27147.0,U17 Ligaen,"Randers U17 - Silkeborg U17, 3 - 1",2025-08-16 13:00:00,191804,D. Gade,False,,0.001112,,,,,,,,,,,,,,,,,,,,attack,throw_in,,,,0.0011,shot_after_throw_in,,,,,,,,,,Silkeborg U17
191804,1570,2638888133,5744714,2H,94,27,shot,98.0,32.0,27140,1095638,2638888127.0,7.4163395,4.0,3.0,30.0,56.0,98.0,32.0,27140.0,U17 Ligaen,"Randers U17 - Silkeborg U17, 3 - 1",2025-08-16 13:00:00,191804,J. Spliid,False,,0.07411,,,,,,,,,,,,,,,,,,,,set_piece_attack,attack,free_kick,,,0.0741,opportunity,touch_in_box,,,,,,,,,Randers U17
191804,1570,2638888200,5744714,2H,95,45,shot,85.0,43.0,27147,768977,2638888196.0,10.9245315,6.0,5.0,67.0,28.0,85.0,43.0,27147.0,U17 Ligaen,"Randers U17 - Silkeborg U17, 3 - 1",2025-08-16 13:00:00,191804,D. Gade,False,,0.1114,,,,,,,,,,,,,,,,,,,,attack,,,,,0.1114,opportunity,touch_in_box,,,,,,,,,Silkeborg U17
